Date,Total_Exchanges_netflow
2019-01-01,-2626.32592
2019-01-02,-5017.271304
2019-01-03,241.3137133
2019-01-04,-4140.009178
2019-01-05,6421.621364
2019-01-06,3570.951829
2019-01-07,2360.740305
2019-01-08,75.06350033
2019-01-09,-3486.082472
2019-01-10,-11232.21571
2019-01-11,-4191.170306
2019-01-12,-1762.539928
2019-01-13,-95.75191403
2019-01-14,352.8668134
2019-01-15,1139.950765
2019-01-16,4137.386428
2019-01-17,-937.0297421
2019-01-18,-3500.694405
2019-01-19,-61.61833918
2019-01-20,557.4153759
2019-01-21,-3820.074188
2019-01-22,-2697.107473
2019-01-23,126.544598
2019-01-24,-2299.031484
2019-01-25,-2983.154796
2019-01-26,1556.756156
2019-01-27,-81.38123726
2019-01-28,-2616.04941
2019-01-29,-1073.442815
2019-01-30,779.6516274
2019-01-31,1787.996156
2019-02-01,-1897.376374
2019-02-02,-2795.605514
2019-02-03,-852.0772712
2019-02-04,1201.709351
2019-02-05,4100.411297
2019-02-06,-1212.800137
2019-02-07,8578.032392
2019-02-08,3071.6788
2019-02-09,2242.897049
2019-02-10,-2629.440146
2019-02-11,-5675.131171
2019-02-12,1317.623816
2019-02-13,2870.986305
2019-02-14,281.1912814
2019-02-15,-7546.456897
2019-02-16,3748.590159
2019-02-17,-749.5365493
2019-02-18,-3211.661624
2019-02-19,2623.558121
2019-02-20,-3888.795363
2019-02-21,-676.7015959
2019-02-22,2513.423932
2019-02-23,-2390.443546
2019-02-24,-4050.35789
2019-02-25,-3402.548242
2019-02-26,1645.751477
2019-02-27,79.07056322
2019-02-28,91.25170533
2019-03-01,-5344.300131
2019-03-02,643.2140247
2019-03-03,755.4190369
2019-03-04,1018.116225
2019-03-05,2036.428663
2019-03-06,-5742.552669
2019-03-07,2351.279555
2019-03-08,-3426.296944
2019-03-09,177.57248
2019-03-10,-625.4316985
2019-03-11,-2295.192264
2019-03-12,4507.724689
2019-03-13,1610.87253
2019-03-14,-2790.291081
2019-03-15,-1331.991088
2019-03-16,1116.206797
2019-03-17,-299.0352858
2019-03-18,-2142.924794
2019-03-19,1527.434669
2019-03-20,9201.341839
2019-03-21,-1754.846327
2019-03-22,-3541.020129
2019-03-23,-1950.354668
2019-03-24,475.7925576
2019-03-25,-2056.876424
2019-03-26,4930.519884
2019-03-27,1452.284522
2019-03-28,41.24282805
2019-03-29,3924.843195
2019-03-30,-2465.830201
2019-03-31,3157.051268
2019-04-01,-7099.147572
2019-04-02,7762.267368
2019-04-03,4664.890443
2019-04-04,-5975.569341
2019-04-05,4050.03332
2019-04-06,-1589.418491
2019-04-07,-2257.1993
2019-04-08,-338.1724929
2019-04-09,-746.5940156
2019-04-10,-6982.15116
2019-04-11,-208.3369965
2019-04-12,1210.207965
2019-04-13,-3229.986627
2019-04-14,1760.633905
2019-04-15,1167.268442
2019-04-16,-4628.421252
2019-04-17,4529.067067
2019-04-18,-2369.039207
2019-04-19,1682.2625
2019-04-20,-959.907012
2019-04-21,3007.237289
2019-04-22,1367.627117
2019-04-23,-4070.39691
2019-04-24,-7820.754683
2019-04-25,-2924.654157
2019-04-26,-19284.35827
2019-04-27,-3585.257095
2019-04-28,-4532.770701
2019-04-29,-9517.331137
2019-04-30,-6166.488783
2019-05-01,1226.768971
2019-05-02,-2337.148896
2019-05-03,4002.307507
2019-05-04,1716.944783
2019-05-05,-4346.030647
2019-05-06,-1969.97949
2019-05-07,-10427.76453
2019-05-08,-2705.329964
2019-05-09,3239.240191
2019-05-10,-3077.277386
2019-05-11,5687.345297
2019-05-12,5229.96048
2019-05-13,6890.86733
2019-05-14,1450.833565
2019-05-15,15253.25135
2019-05-16,473.8544728
2019-05-17,-7668.599489
2019-05-18,-3502.833725
2019-05-19,6212.10913
2019-05-20,953.5259081
2019-05-21,3811.533009
2019-05-22,7294.06228
2019-05-23,1904.549096
2019-05-24,1252.159414
2019-05-25,413.2513159
2019-05-26,3870.633514
2019-05-27,3663.055236
2019-05-28,5188.699789
2019-05-29,1450.791431
2019-05-30,3431.132106
2019-05-31,-5341.070138
2019-06-01,3615.214667
2019-06-02,3688.788251
2019-06-03,3045.332263
2019-06-04,38506.63073
2019-06-05,55795.41331
2019-06-06,2599.056252
2019-06-07,1187.076616
2019-06-08,185.1770589
2019-06-09,-1967.255817
2019-06-10,1955.291558
2019-06-11,-699.6397171
2019-06-12,7157.835537
2019-06-13,3949.617874
2019-06-14,-795.9225132
2019-06-15,841.0353865
2019-06-16,6213.794014
2019-06-17,-5018.264183
2019-06-18,2773.522645
2019-06-19,-398.7538017
2019-06-20,49.6575232
2019-06-21,-2882.00519
2019-06-22,6332.766809
2019-06-23,850.5933818
2019-06-24,4616.123204
2019-06-25,-1316.783221
2019-06-26,8349.616775
2019-06-27,13806.14992
2019-06-28,5119.019758
2019-06-29,2503.62148
2019-06-30,20805.34616
2019-07-01,4637.129932
2019-07-02,1091.663932
2019-07-03,-4390.828715
2019-07-04,3100.382215
2019-07-05,-4479.176724
2019-07-06,-185.7031373
2019-07-07,-4.1703189
2019-07-08,14574.3964
2019-07-09,3982.474433
2019-07-10,11113.82097
2019-07-11,10849.4084
2019-07-12,-23635.94151
2019-07-13,-3098.611051
2019-07-14,3225.623719
2019-07-15,2986.932167
2019-07-16,2141.971974
2019-07-17,4188.068045
2019-07-18,6590.776425
2019-07-19,1547.927653
2019-07-20,3215.888929
2019-07-21,-509.3690216
2019-07-22,6362.923873
2019-07-23,-129.0005739
2019-07-24,559.1892532
2019-07-25,-1355.569111
2019-07-26,-4428.715141
2019-07-27,-3889.26116
2019-07-28,-217.0650227
2019-07-29,3198.193468
2019-07-30,5308.978835
2019-07-31,4465.737522
2019-08-01,3085.494948
2019-08-02,2805.839296
2019-08-03,2057.313687
2019-08-04,1853.636161
2019-08-05,3231.058618
2019-08-06,-572.489911
2019-08-07,-1025.586994
2019-08-08,1043.460069
2019-08-09,4019.146156
2019-08-10,631.1969147
2019-08-11,180.4692329
2019-08-12,2340.536612
2019-08-13,2283.343474
2019-08-14,-697.7503585
2019-08-15,-1002.74145
2019-08-16,1581.418892
2019-08-17,-240.609541
2019-08-18,1032.373654
2019-08-19,956.6594803
2019-08-20,1157.286683
2019-08-21,-2363.140547
2019-08-22,2834.957898
2019-08-23,236.0445951
2019-08-24,-1582.862008
2019-08-25,1500.804495
2019-08-26,6734.607938
2019-08-27,2592.497993
2019-08-28,-3306.739998
2019-08-29,-5349.810629
2019-08-30,-5563.457521
2019-08-31,-459.6214243
2019-09-01,1844.358297
2019-09-02,3795.392523
2019-09-03,4205.408484
2019-09-04,-21445.73253
2019-09-05,7493.594187
2019-09-06,-108.4400103
2019-09-07,-1398.410901
2019-09-08,945.5951955
2019-09-09,24.93824055
2019-09-10,-4906.264399
2019-09-11,1669.297395
2019-09-12,3718.808725
2019-09-13,-2042.953364
2019-09-14,960.5792117
2019-09-15,975.2196329
2019-09-16,-1401.241797
2019-09-17,3349.478381
2019-09-18,2904.980544
2019-09-19,-460.0075337
2019-09-20,528.7464405
2019-09-21,4713.800955
2019-09-22,194.5772916
2019-09-23,15.6750594
2019-09-24,10819.79642
2019-09-25,10185.74266
2019-09-26,468.2748545
2019-09-27,-2585.450716
2019-09-28,-506.0413015
2019-09-29,-2469.015628
2019-09-30,1546.195158
2019-10-01,-4423.314092
2019-10-02,257.1598381
2019-10-03,1784.678926
2019-10-04,-924.3810283
2019-10-05,1949.954176
2019-10-06,-794.0545064
2019-10-07,-322.8046025
2019-10-08,5897.795908
2019-10-09,1264.273427
2019-10-10,1937.199682
2019-10-11,-8528.584185
2019-10-12,-869.4412837
2019-10-13,1859.092607
2019-10-14,-1572.898872
2019-10-15,5160.661428
2019-10-16,3670.204096
2019-10-17,286.2979824
2019-10-18,-4890.148291
2019-10-19,-47.63944457
2019-10-20,766.8139954
2019-10-21,1667.543093
2019-10-22,-3433.692766
2019-10-23,786.2364158
2019-10-24,1182.931679
2019-10-25,5879.021528
2019-10-26,17032.67545
2019-10-27,3711.520626
2019-10-28,-2964.70522
2019-10-29,532.7469483
2019-10-30,588.2833175
2019-10-31,2187.640949
2019-11-01,-630.2909574
2019-11-02,2426.199069
2019-11-03,-563.1353393
2019-11-04,2441.526446
2019-11-05,11350.41017
2019-11-06,7526.595026
2019-11-07,268.2386731
2019-11-08,-14367.53579
2019-11-09,1294.199208
2019-11-10,432.5236672
2019-11-11,1372.107611
2019-11-12,-11135.6588
2019-11-13,4177.015748
2019-11-14,-3182.68711
2019-11-15,-3999.052805
2019-11-16,1239.592918
2019-11-17,1885.595908
2019-11-17,1885.595908
2019-11-18,3093.156184
2019-11-19,3474.056563
2019-11-20,-1532.255102
2019-11-21,-223.7248018
2019-11-22,-494.4257837
2019-11-23,-661.0256798
2019-11-24,2687.092159
2019-11-25,-1270.267424
2019-11-26,10208.45155
2019-11-27,-1323.947926
2019-11-28,-2318.889784
2019-11-29,-4702.456316
2019-11-30,-3405.966039
2019-12-01,-5631.659553
2019-12-02,5357.138173
2019-12-03,583.0803167
2019-12-04,-188.3971195
2019-12-05,-202.6558937
2019-12-06,-1565.052733
2019-12-07,1655.364958
2019-12-08,1529.35236
2019-12-09,4838.433642
2019-12-10,-2584.974212
2019-12-11,-593.5151201
2019-12-12,2157.108405
2019-12-13,1434.530466
2019-12-14,-891.0610361
2019-12-15,-1318.242847
2019-12-16,4402.913652
2019-12-17,5296.532205
2019-12-18,4985.462458
2019-12-19,3928.725935
2019-12-20,1317.282698
2019-12-21,-104.9843249
2019-12-22,1190.001891
2019-12-23,5727.726435
2019-12-24,-2924.596291
2019-12-25,-57358.67863
2019-12-26,4240.06877
2019-12-27,1972.385302
2019-12-28,3099.327568
2019-12-29,1604.251592
2019-12-30,-485.6951879
2019-12-31,-6687.776399
2020-01-01,2067.508723
2020-01-02,795.7167597
2020-01-03,3606.315892
2020-01-04,5745.462391
2020-01-05,351.4209879
2020-01-06,-1811.475841
2020-01-07,3296.724373
2020-01-08,-2657.204352
2020-01-09,3322.252936
2020-01-10,-1200.800661
2020-01-11,850.1478801
2020-01-12,-90.87049439
2020-01-13,4689.612546
2020-01-14,13702.8498
2020-01-15,2232.693015
2020-01-16,733.2432467
2020-01-17,-2842.889839
2020-01-18,1722.254642
2020-01-19,2046.880011
2020-01-20,-2556.554089
2020-01-21,-801.2308333
2020-01-22,-1342.380626
2020-01-23,117.065848
2020-01-24,-2274.131221
2020-01-25,-1424.426376
2020-01-26,4293.187787
2020-01-27,1378.622592
2020-01-28,7507.590119
2020-01-29,4939.733383
2020-01-30,329.2096556
2020-01-31,-7891.273546
2020-02-01,1835.591433
2020-02-02,420.5793418
2020-02-03,3869.266879
2020-02-04,2648.143365
2020-02-05,115.0194955
2020-02-06,3753.959203
2020-02-07,-5508.820825
2020-02-08,1019.588976
2020-02-09,5583.654325
2020-02-10,-6349.824317
2020-02-11,3352.120878
2020-02-12,7931.69082
2020-02-13,979.9411103
2020-02-14,-5703.641524
2020-02-15,-341.2208576
2020-02-16,2051.203689
2020-02-17,380.1600141
2020-02-18,1911.510865
2020-02-19,-948.320577
2020-02-20,-1073.275529
2020-02-21,-3164.689928
2020-02-22,1271.836255
2020-02-23,3160.394849
2020-02-24,-3183.053717
2020-02-25,487.5220602
2020-02-26,2193.958074
2020-02-27,-715.1718974
2020-02-28,-2519.691752
2020-02-29,-1889.764001
2020-03-01,2078.251441
2020-03-02,5154.364464
2020-03-03,-5271.549715
2020-03-04,-11701.0637
2020-03-05,-4691.646171
2020-03-06,-10454.19615
2020-03-07,698.9605795
2020-03-08,831.7345925
2020-03-09,16396.79552
2020-03-10,4728.728325
2020-03-11,3838.256641
2020-03-12,27834.01553
2020-03-13,708.7655165
2020-03-14,-2833.547672
2020-03-15,1646.07355
2020-03-16,-11469.16261
2020-03-17,9523.153135
2020-03-18,-16929.62092
2020-03-19,-12722.9567
2020-03-20,-2049.263755
2020-03-21,-7503.471881
2020-03-22,1356.898838
2020-03-23,4970.392779
2020-03-24,-9575.303201
2020-03-25,-5442.287947
2020-03-26,6107.26182
2020-03-27,-8971.724732
2020-03-28,-4075.340903
2020-03-29,3342.361844
2020-03-30,4787.432246
2020-03-31,-2630.008509
2020-04-01,-1635.395569
2020-04-02,5815.412914
2020-04-03,-4535.467598
2020-04-04,-3956.752173
2020-04-05,-2406.278644
2020-04-06,1181.007255
2020-04-07,1422.153382
2020-04-08,-3685.46984
2020-04-09,-5152.62318
2020-04-10,-9166.781389
2020-04-11,-8064.732253
2020-04-12,-2231.705357
2020-04-13,-5954.464275
2020-04-14,-3234.781617
2020-04-15,3329.317485
2020-04-16,10477.03064
2020-04-17,-9994.955039
2020-04-18,-159.5694074
2020-04-19,4075.57312
2020-04-20,-4756.695177
2020-04-21,-1647.186753
2020-04-22,-8804.310845
2020-04-23,9829.823636
2020-04-24,-7664.339147
2020-04-25,2113.959526
2020-04-26,-6966.7444
2020-04-27,3172.98376
2020-04-28,-5632.160356
2020-04-29,-4851.025453
2020-04-30,3770.290305
2020-05-01,4391.843795
2020-05-02,492.6961815
2020-05-03,2178.136975
2020-05-04,1588.599002
2020-05-05,-5082.915294
2020-05-06,-2155.036766
2020-05-07,-1791.160954
2020-05-08,-3028.428061
2020-05-09,-1170.858298
2020-05-10,-3824.895016
2020-05-11,-8483.375651
2020-05-12,-20311.33303
2020-05-13,-12717.59683
2020-05-14,1615.168664
2020-05-15,-1843.687167
2020-05-16,1891.394469
2020-05-17,512.2374152
2020-05-18,5227.610491
2020-05-19,-6118.191814
2020-05-20,-974.2630761
2020-05-21,5854.569148
2020-05-22,-3096.318426
2020-05-23,613.5779743
2020-05-24,-1883.130282
2020-05-25,-8348.339749
2020-05-26,-1329.881421
2020-05-27,1756.849837
2020-05-28,3345.602271
2020-05-29,1495.726916
2020-05-30,1168.214388
2020-05-31,4911.282829
2020-06-01,-2610.724353
2020-06-02,1966.353321
2020-06-03,-4280.367812
2020-06-04,1899.566504
2020-06-05,-1119.561174
2020-06-06,-93.52368274
2020-06-07,-1162.013211
2020-06-08,-1729.288736
2020-06-09,-4111.173432
2020-06-10,733.8797081
2020-06-11,-481.3184964
2020-06-12,-3968.50119
2020-06-13,1907.435413
2020-06-14,1632.675606
2020-06-15,-6832.515297
2020-06-16,1224.71028
2020-06-17,2021.89175
2020-06-18,-10429.39841
2020-06-19,2179.334886
2020-06-20,526.6011505
2020-06-21,2373.334563
2020-06-22,609.2044511
2020-06-23,318.6309721
2020-06-24,6012.047686
2020-06-25,-2220.776342
2020-06-26,1178.491543
2020-06-27,1585.666031
2020-06-28,1870.097427
2020-06-29,-691.043854
2020-06-30,-3430.227587
2020-07-01,6927.423533
2020-07-02,2781.062058
2020-07-03,-6652.207872
2020-07-04,3254.134237
2020-07-05,1093.745031
2020-07-06,3655.330227
2020-07-07,3373.809298
2020-07-08,3572.515124
2020-07-09,7434.147336
2020-07-10,-1674.517547
2020-07-11,3416.974192
2020-07-12,-876.0137588
2020-07-13,-7976.723339
2020-07-14,-303.5520412
2020-07-15,-5053.784619
2020-07-16,91.24876973
2020-07-17,-1568.009989
2020-07-18,1928.591817
2020-07-19,946.6238573
2020-07-20,-2208.236711
2020-07-21,-8354.410034
2020-07-22,3600.832503
2020-07-23,-2548.250433
2020-07-24,-721.3370721
2020-07-25,1264.743598
2020-07-26,3997.924152
2020-07-27,14589.17128
2020-07-28,7370.484752
2020-07-29,2848.565806
2020-07-30,-2557.670776
2020-07-31,1002.30665
2020-08-01,7655.846938
2020-08-02,-15.86283885
2020-08-03,-4537.031109
2020-08-04,-993.5703466
2020-08-05,-8019.841923
2020-08-06,728.4552301
2020-08-07,-11906.74433
2020-08-08,-634.4889623
2020-08-09,519.0252624
2020-08-10,-4345.094924
2020-08-11,-110.0738061
2020-08-12,-2560.687774
2020-08-13,1585.764514
2020-08-14,-6170.850698
2020-08-15,-4001.799389
2020-08-16,203.2448115
2020-08-17,-3402.67437
2020-08-18,3661.887451
2020-08-19,-3910.774471
2020-08-20,-2767.514235
2020-08-21,-2904.131527
2020-08-22,-433.2090809
2020-08-23,-2515.921579
2020-08-24,2787.938079
2020-08-25,-2567.869539
2020-08-26,-6668.329836
2020-08-27,2813.896521
2020-08-28,3046.410065
2020-08-29,-3804.429237
2020-08-30,4195.973271
2020-08-31,-5059.067907
2020-09-01,3787.794011
2020-09-02,-1444.856712
2020-09-03,-598.8733241
2020-09-04,3832.04324
2020-09-05,2746.945925
2020-09-06,1093.267687
2020-09-07,-5574.763171
2020-09-08,-525.5873077
2020-09-09,-2778.514324
2020-09-10,-10388.87124
2020-09-11,-4075.04598
2020-09-12,-394.0089548
2020-09-13,-1611.331878
2020-09-14,-5118.615824
2020-09-15,925.9012393
2020-09-16,610.86359
2020-09-17,-3088.115248
2020-09-18,-7738.406426
2020-09-19,-18143.18243
2020-09-20,2533.973103
2020-09-21,3741.00581
2020-09-22,-1764.490074
2020-09-23,-2597.105028
2020-09-24,4690.465254
2020-09-25,-5894.214076
2020-09-26,-1310.407783
2020-09-27,304.8235239
2020-09-28,4600.326099
2020-09-29,-7380.74705
2020-09-30,3065.075464
2020-10-01,-353.0502436
2020-10-02,22020.03258
2020-10-03,1099.099463
2020-10-04,493.3206652
2020-10-05,-5352.549121
2020-10-06,4778.719469
2020-10-07,-208.0936278
2020-10-08,-2555.6312
2020-10-09,6065.16745
2020-10-10,1422.00924
2020-10-11,1270.841855
2020-10-12,3654.348993
2020-10-13,-1176.004015
2020-10-14,1426.382265
2020-10-15,-3917.973216
2020-10-16,-19934.05598
2020-10-17,-9232.832879
2020-10-18,-2490.671252
2020-10-19,-2292.161223
2020-10-20,1857.168269
2020-10-21,1681.181433
2020-10-22,-1404.581426
2020-10-23,-6339.478718
2020-10-24,-297.8359932
2020-10-25,-3725.0294
2020-10-26,-5833.424571
2020-10-27,-9676.73147
2020-10-28,3.79825121
2020-10-29,-3024.898569
2020-10-30,-8525.948923
2020-10-31,6318.691009
2020-11-01,-816.7890911
2020-11-02,-28552.21289
2020-11-03,-2806.235367
2020-11-04,-9650.872492
2020-11-05,7311.54302
2020-11-06,6903.930968
2020-11-07,2746.256953
2020-11-08,-1825.28556
2020-11-09,-4636.244698
2020-11-10,-7627.703815
2020-11-11,-2453.738109
2020-11-12,-11118.71788
2020-11-13,1337.620493
2020-11-14,9453.634267
2020-11-15,-15345.10292
2020-11-16,-9132.213299
2020-11-17,9815.490603
2020-11-18,8497.65497
2020-11-19,-3792.397714
2020-11-20,335.0447933
2020-11-21,5132.409008
2020-11-22,-1575.291295
2020-11-23,-236.8916304
2020-11-24,2385.689112
2020-11-25,6267.517006
2020-11-26,11343.18745
2020-11-27,4259.395438
2020-11-28,-5238.182444
2020-11-29,-3936.300694
2020-11-30,3354.634032
2020-12-01,8139.51107
2020-12-02,2630.372033
2020-12-03,-2219.962412
2020-12-04,-3068.574832
2020-12-05,5986.269379
2020-12-06,-2029.668281
2020-12-07,-1142.928846
2020-12-08,-3468.428348
2020-12-09,-9567.574571
2020-12-10,4526.894842
2020-12-11,5559.260587
2020-12-12,10514.15546
2020-12-13,7547.053339
2020-12-14,8124.615252
2020-12-15,562.133151
2020-12-16,-21707.1353
2020-12-17,27191.39533
2020-12-18,3361.660718
2020-12-19,5156.592948
2020-12-20,-4177.873526
2020-12-21,-820.3982397
2020-12-22,-2164.795262
2020-12-23,-8365.823499
2020-12-24,1109.797526
2020-12-25,10098.88051
2020-12-26,3518.268326
2020-12-27,5778.785812
2020-12-28,-1703.117476
2020-12-29,-10476.58743
2020-12-30,7225.903906
2020-12-31,-7560.608128
2021-01-01,2837.164797
2021-01-02,27.14388843
2021-01-03,11818.02263
2021-01-04,5621.5631
2021-01-05,-1614.261728
2021-01-06,-10402.41292
2021-01-07,-1625.144251
2021-01-08,5444.469003
2021-01-09,-756.6535565
2021-01-10,9144.740545
2021-01-11,6904.036909
2021-01-12,18.61284092
2021-01-13,2119.436416
2021-01-14,3035.743948
2021-01-15,3537.47336
2021-01-16,72.27707839
2021-01-17,-718.1001709
2021-01-18,4731.111058
2021-01-19,-1560.538806
2021-01-20,94.45660913
2021-01-21,-1295.79835
2021-01-22,716.6048408
2021-01-23,4386.635842
2021-01-24,-1314.65134
2021-01-25,1254.680314
2021-01-26,-3901.219335
2021-01-27,-6090.763292
2021-01-28,-7662.983311
2021-01-29,20003.24964
2021-01-30,-4756.306569
2021-01-31,387.1898787
2021-02-01,-4858.855778
2021-02-02,5038.276104
2021-02-03,2612.474399
2021-02-04,-3378.431387
2021-02-05,-833.2592052
2021-02-06,13162.68252
2021-02-07,-4952.984075
2021-02-08,5357.162937
2021-02-09,3051.091973
2021-02-10,-1983.004109
2021-02-11,746.1306521
2021-02-12,-4446.142196
2021-02-13,-2279.165193
2021-02-14,2842.501627
2021-02-15,-3569.714486
2021-02-16,4414.53376
2021-02-17,358.2354157
2021-02-18,-5767.540317
2021-02-19,3101.744148
2021-02-20,1989.224476
2021-02-21,4138.135075
2021-02-22,-6237.849353
2021-02-23,2612.146613
2021-02-24,42.27392085
2021-02-25,336.7598113
2021-02-26,-2985.9657
2021-02-27,1245.33145
2021-02-28,3395.313608
2021-03-01,-6618.430011
2021-03-02,-252.7169959
2021-03-03,5275.344246
2021-03-04,1129.529486
2021-03-05,-246.1667925
2021-03-06,3916.937725
2021-03-07,279.4068733
2021-03-08,58.2452556
2021-03-09,1079.881501
2021-03-10,2104.443452
2021-03-11,1621.003627
2021-03-12,-2058.322001
2021-03-13,3274.59164
2021-03-14,25292.33442
2021-03-15,-26839.81337
2021-03-16,-192.236739
2021-03-17,4025.970025
2021-03-18,1977.47101
2021-03-19,3208.271272
2021-03-20,-434.4921752
2021-03-21,-751.078507
2021-03-22,-62.53572022
2021-03-23,2978.878792
2021-03-24,-176.1550888
2021-03-25,1216.853485
2021-03-26,1892.481232
2021-03-27,2261.889283
2021-03-28,3118.109191
2021-03-29,3051.447125
2021-03-30,3815.861031
2021-03-31,6462.200934
2021-04-01,304.3808017
2021-04-02,8034.738431
2021-04-03,497.1754195
2021-04-04,-1242.331657
2021-04-05,957.6549763
2021-04-06,-66951.70602
2021-04-07,-753.4223913
2021-04-08,-10314.78414
2021-04-09,7889.5979
2021-04-10,11306.12872
2021-04-11,2063.170435
2021-04-12,2246.069808
2021-04-13,9054.956051
2021-04-14,2262.367466
2021-04-15,-1729.119183
2021-04-16,-7780.211473
2021-04-17,-4879.365457
2021-04-18,-70945.81981
2021-04-19,-15833.15058
2021-04-20,5779.647862
2021-04-21,7318.025499
2021-04-22,21241.13052
2021-04-23,10479.09166
2021-04-24,1076.192492
2021-04-25,753.8882846
2021-04-26,-3869.746133
2021-04-27,3020.008398
2021-04-28,3960.714267
2021-04-29,-1871.896973
2021-04-30,5610.623338
2021-05-01,2015.639409
2021-05-02,1490.000572
2021-05-03,4673.164457
2021-05-04,5552.574888
2021-05-05,-1291.59719
2021-05-06,746.1209653
2021-05-07,2863.685383
2021-05-08,6761.985906
2021-05-09,9764.598216
2021-05-10,5094.992845
2021-05-11,-2488.43415
2021-05-12,25387.48154
2021-05-13,11379.72577
2021-05-14,3535.808129
2021-05-15,6680.597878
2021-05-16,1556.487833
2021-05-17,17494.68496
2021-05-18,3565.244672
2021-05-19,12822.36424
2021-05-20,-1791.633687
2021-05-21,-16618.29013
2021-05-22,7900.109539
2021-05-23,-2188.765725
2021-05-24,-9815.529543
2021-05-25,3960.704573
2021-05-26,6813.995962
2021-05-27,1202.180085
2021-05-28,7062.81219
2021-05-29,7891.695095
2021-05-30,-121.670587
2021-05-31,413.2387715
2021-06-01,14243.32087
2021-06-02,-1666.67106
2021-06-03,-5764.68534
2021-06-04,-2656.495246
2021-06-05,679.1683528
2021-06-06,-206.8568582
2021-06-07,-30289.13959
2021-06-08,3921.149491
2021-06-09,-1236.71716
2021-06-10,11151.89792
2021-06-11,12381.79154
2021-06-12,1530.667696
2021-06-13,5097.433451
2021-06-14,4927.740687
2021-06-15,-35583.15189
2021-06-16,15.31865189
2021-06-17,-1263.26084
2021-06-18,485.1516284
2021-06-19,-3342.816039
2021-06-20,6557.418112
2021-06-21,8855.548401
2021-06-22,4292.661372
2021-06-23,1541.57464
2021-06-24,874.785982
2021-06-25,-818.1789722
2021-06-26,3276.701981
2021-06-27,5711.058272
2021-06-28,1697.980604
2021-06-29,1507.495716
2021-06-30,-772.4126167
2021-07-01,-5876.422806
2021-07-02,-1895.853093
2021-07-03,6556.951066
2021-07-04,-3006.471432
2021-07-05,-68.91066984
2021-07-06,-1669.796145
2021-07-07,-4429.294271
2021-07-08,-4061.316868
2021-07-09,2317.792939
2021-07-10,1890.136631
2021-07-11,265.6781289
2021-07-12,1356.306665
2021-07-13,608.4124489
2021-07-14,2244.798495
2021-07-15,-1460.421318
2021-07-16,-141.9291496
2021-07-17,457.5118401
2021-07-18,-1073.575248
2021-07-19,2444.840044
2021-07-20,-7889.633934
2021-07-21,-4455.853583
2021-07-22,3298.770585
2021-07-23,-3319.109159
2021-07-24,898.3406254
2021-07-25,-4189.287436
2021-07-26,5587.797661
2021-07-27,-7589.686431
2021-07-28,-32856.8133
2021-07-29,-14735.53647
2021-07-30,-6924.853176
2021-07-31,-2097.353049
2021-08-01,2165.821267
2021-08-02,3097.428338
2021-08-03,-376.5725521
2021-08-04,-13094.53315
2021-08-05,8579.266532
2021-08-06,815.0159666
2021-08-07,951.9642306
2021-08-08,-594.8416447
2021-08-09,413.0654658
2021-08-10,-5161.437784
2021-08-11,-1032.96671
2021-08-12,264.5738733
2021-08-13,-342.5670598
2021-08-14,1931.286817
2021-08-15,981.9121718
2021-08-16,2305.760024
2021-08-17,485.5586487
2021-08-18,632.3694766
2021-08-19,-1377.509923
2021-08-20,5410.596986
2021-08-21,9573.15035
2021-08-22,-373.9011059
2021-08-23,14894.90905
2021-08-24,-1720.000214
2021-08-25,940.8189034
2021-08-26,28812.72077
2021-08-27,-1288.87541
2021-08-28,-12.58603716
2021-08-29,-1072.347058
2021-08-30,2620.264959
2021-08-31,-4761.185387
2021-09-01,-1737.573074
2021-09-02,-11685.18365
2021-09-03,-10868.97333
2021-09-04,-4947.788508
2021-09-05,2008.254162
2021-09-06,-8205.456137
2021-09-07,1614.930082
2021-09-08,555.7422582
2021-09-09,1872.848182
2021-09-10,-745.3939412
2021-09-11,-1033.334115
2021-09-12,-852.2415731
2021-09-13,-2711.513856
2021-09-14,-649.5170203
2021-09-15,-3736.11076
2021-09-16,-147.1228028
2021-09-17,-702.4378308
2021-09-18,2331.713445
2021-09-19,-1141.028715
2021-09-20,6030.833921
2021-09-21,4616.1613
2021-09-22,-603.5975847
2021-09-23,-667.1426026
2021-09-24,-3785.647695
2021-09-25,-1405.77492
2021-09-26,6982.975818
2021-09-27,442.4046464
2021-09-28,-872.3671293
2021-09-29,389.546187
2021-09-30,1820.302774
2021-10-01,692.0888887
2021-10-02,1311.776494
2021-10-03,462.4582947
2021-10-04,-683.1184271
2021-10-05,-2970.278629
2021-10-06,1121.902169
2021-10-07,1515.075273
2021-10-08,-928.1127597
2021-10-09,1831.142591
2021-10-10,-945.9043086
2021-10-11,-6827.270088
2021-10-12,6490.2468
2021-10-13,-3486.446414
2021-10-14,-1865.196565
2021-10-15,-526.0353005
2021-10-16,7946.039553
2021-10-17,-760.8973869
2021-10-18,723.0657007
2021-10-19,-3672.834705
2021-10-20,-1364.449612
2021-10-21,-4954.511784
2021-10-22,15087.97119
2021-10-23,2162.516082
2021-10-24,9629.589316
2021-10-25,-33904.01028
2021-10-26,-4298.193725
2021-10-27,2682.046265
2021-10-28,4114.561003
2021-10-29,-25142.73776
2021-10-30,-1671.963004
2021-10-31,-2170.765922
2021-11-01,-233.443673
2021-11-02,-3022.67225
2021-11-03,1488.676729
2021-11-04,-2526.172135
2021-11-05,-158.6943783
2021-11-06,-858.9834039
2021-11-07,1232.438413
2021-11-08,4824.516496
2021-11-09,-2884.209685
2021-11-10,2607.790723
2021-11-11,-606.7714781
2021-11-12,-1113.263212
2021-11-13,-583.9592781
2021-11-14,2940.243922
2021-11-15,3096.078738
2021-11-16,-6076.009924
2021-11-17,-3065.05131
2021-11-18,-4217.824137
2021-11-19,2822.298478
2021-11-20,-1720.806128
2021-11-21,-3059.447838
2021-11-22,-2536.959061
2021-11-23,2043.021557
2021-11-24,4002.54656
2021-11-25,-3836.257925
2021-11-26,28652.42458
2021-11-27,5506.321648
2021-11-28,7257.969598
2021-11-29,8160.604637
2021-11-30,2332.295515
2021-12-01,-13868.57771
2021-12-02,-23600.50987
2021-12-03,10111.08
2021-12-04,17524.07572
2021-12-05,6511.145496
2021-12-06,5360.837179
2021-12-07,1965.382256
2021-12-08,-30235.09237
2021-12-09,-30486.7194
2021-12-10,7383.345235
2021-12-11,12075.50662
2021-12-12,2089.087684
2021-12-13,7276.718899
2021-12-14,5545.092535
2021-12-15,1874.58479
2021-12-16,8303.440397
2021-12-17,-27161.74853
2021-12-18,-15920.34642
2021-12-19,3227.749134
2021-12-20,6058.89015
2021-12-21,7455.9287
2021-12-22,-1769.880232
2021-12-23,21190.29285
2021-12-24,-3846.771988
2021-12-25,9174.567854
2021-12-26,1822.145984
2021-12-27,3165.688821
2021-12-28,6797.925242
2021-12-29,-1709.952577
2021-12-30,3392.271525
2021-12-31,-656.5635748
2022-01-01,254.3618441
2022-01-02,1325.6245
2022-01-03,4178.131493
2022-01-04,-29489.11422
2022-01-05,2223.040337
2022-01-06,1020.258612
2022-01-07,3707.353814
2022-01-08,2859.052615
2022-01-09,-88.85557177
2022-01-10,1227.125057
2022-01-11,-29774.02006
2022-01-12,2790.93328
2022-01-13,4154.432196
2022-01-14,280.8305509
2022-01-15,-1097.374272
2022-01-16,-331.1058729
2022-01-17,2176.701172
2022-01-18,3721.336471
2022-01-19,-4428.505802
2022-01-20,-2508.586563
2022-01-21,11304.6966
2022-01-22,-1935.596095
2022-01-23,295.7294239
2022-01-24,-7894.375122
2022-01-25,3696.259034
2022-01-25,3696.259034
2022-01-26,2703.33814
2022-01-27,6679.902841
2022-01-28,3235.474631
2022-01-29,-63469.51976
2022-01-30,-20740.98849
2022-01-31,32368.47378
2022-02-01,-33.27962907
2022-02-02,257.0439058
2022-02-03,-2886.90175
2022-02-04,1566.28903
2022-02-05,-2383.899679
2022-02-06,831.0850237
2022-02-07,-794.2124018
2022-02-08,-614.4233261
2022-02-09,-2358.44983
2022-02-10,9319.926312
2022-02-11,2343.535752
2022-02-12,-2358.970517
2022-02-13,1323.598972
2022-02-14,-1378.680415
2022-02-15,-1859.248302
2022-02-16,4355.687214
2022-02-17,-5154.44262
2022-02-18,-11253.43266
2022-02-19,810.9156192
2022-02-20,1108.867623
2022-02-21,1771.346611
2022-02-22,-505.1033178
2022-02-23,313.4861928
2022-02-24,6743.879023
2022-02-25,101.0384413
2022-02-26,-148.4982235
2022-02-27,2745.527649
2022-02-28,116.0625035
2022-03-01,114.2797972
2022-03-02,-824.0706467
2022-03-03,1552.491284
2022-03-04,-7061.833904
2022-03-05,249.6120286
2022-03-06,874.4507451
2022-03-07,2508.870151
2022-03-08,244.4531272
2022-03-09,-1021.045399
2022-03-10,-965.9278062
2022-03-11,-900.3331561
2022-03-12,-320.216653
2022-03-13,1178.60762
2022-03-14,-604.9724016
2022-03-15,-12571.18959
2022-03-16,-7243.72002
2022-03-17,966.6773718
2022-03-18,5615.068704
2022-03-19,6634.325835
2022-03-20,610.6843283
2022-03-21,-10364.15708
2022-03-22,-2157.198175
2022-03-23,404.3198691
2022-03-24,4645.255536
2022-03-25,3809.461594
2022-03-26,-506.8437121
2022-03-27,-325.7145636
2022-03-28,2987.795883
2022-03-29,-1462.550446
2022-03-30,5073.150981
2022-03-31,-1812.627146
2022-04-01,-140.826326
2022-04-02,1601.125377
2022-04-03,-1438.965127
2022-04-04,1363.497535
2022-04-05,2676.355444
2022-04-06,798.3825374
2022-04-07,795.7665306
2022-04-08,4736.669015
2022-04-09,-3116.169953
2022-04-10,2131.369898
2022-04-11,2562.294931
2022-04-12,2692.380175
2022-04-13,-20070.71845
2022-04-14,13104.14845
2022-04-15,-9920.506348
2022-04-16,996.6000957
2022-04-17,1493.604074
2022-04-18,1741.307923
2022-04-19,-433.9045714
2022-04-20,1055.066515
2022-04-21,-1189.971242
2022-04-22,760.0034204
2022-04-23,-149.1044492
2022-04-24,-1439.352452
2022-04-25,1414.87721
2022-04-26,1650.026219
2022-04-27,334.6483312
2022-04-28,-1211.819001
2022-04-29,2080.951661
2022-04-30,1511.887546
2022-05-01,5635.659349
2022-05-02,12007.30923
2022-05-03,-2292.843377
2022-05-04,-2343.318745
2022-05-05,-4837.420871
2022-05-06,6234.767877
2022-05-07,-2777.187155
2022-05-08,11124.66879
2022-05-09,23918.66632
2022-05-10,50171.29621
2022-05-11,-22229.55249
2022-05-12,-6436.693529
2022-05-13,-4830.71447
2022-05-14,-2140.846709
2022-05-15,-2187.372841
2022-05-16,851.9129717
2022-05-17,-1898.135173
2022-05-18,5168.60429
2022-05-19,3527.288355
2022-05-20,-4529.733068
2022-05-21,-705.1569031
2022-05-22,-1317.886331
2022-05-23,12916.10448
2022-05-24,4871.752107
2022-05-25,-2494.640275
2022-05-26,-14562.58183
2022-05-27,4686.499704
2022-05-28,-6536.354166
2022-05-29,616.7651279
2022-05-30,2450.573229
2022-05-31,-27793.91442
2022-06-01,9824.136638
2022-06-02,-6982.623831
2022-06-03,3686.770022
2022-06-04,-3844.627182
2022-06-05,-7440.270065
2022-06-06,2438.567401
2022-06-07,4413.275851
2022-06-08,214.9767466
2022-06-09,1553.922283
2022-06-10,7209.239672
2022-06-11,-2694.396441
2022-06-12,6148.826248
2022-06-13,-39145.99784
2022-06-14,-33812.70155
2022-06-15,-15694.03967
2022-06-16,-4409.01258
2022-06-17,-1306.393052
2022-06-18,95118.7009
2022-06-19,-7477.515364
2022-06-20,-6323.917945
2022-06-21,12299.93886
2022-06-22,-7358.516316
2022-06-23,17.11680346
2022-06-24,563.4469876
2022-06-25,-154.0963793
2022-06-26,1520.734927
2022-06-27,13671.06712
2022-06-28,-10131.19616
2022-06-29,-5118.3152
2022-06-30,-3698.870418
2022-07-01,4261.76303
2022-07-02,-3612.53039
2022-07-03,1729.046103
2022-07-04,2014.393379
2022-07-05,2596.185567
2022-07-06,1951.772725
2022-07-07,-6911.809634
2022-07-08,1569.002205
2022-07-09,-1228.037653
2022-07-10,-705.372252
2022-07-11,-140.7997335
2022-07-12,1802.63526
2022-07-13,7210.357768
2022-07-14,-3849.451799
2022-07-15,10828.79481
2022-07-16,-1015.444386
2022-07-17,1627.852797
2022-07-18,2725.380977
2022-07-19,-1140.63746
2022-07-20,-1824.53091
2022-07-21,-5678.715543
2022-07-22,-567.6844782
2022-07-23,571.0759126
2022-07-24,-5167.61978
2022-07-25,2390.182983
2022-07-26,-438.8744997
2022-07-27,213.4469596
2022-07-28,304.3230985
2022-07-29,-3801.745219
2022-07-30,1139.286758
2022-07-31,-1429.108999
2022-08-01,1116.128686
2022-08-02,-3674.463512
2022-08-03,-608.93779
2022-08-04,8305.366769
2022-08-05,-3133.057829
2022-08-06,-157.5416962
2022-08-07,1138.292056
2022-08-08,279.1286204
2022-08-09,5576.312348
2022-08-10,-3539.207135
2022-08-11,293.7718877
2022-08-12,2053.559332
2022-08-13,-1006.039341
2022-08-14,-2343.078363
2022-08-15,-1863.137113
2022-08-16,2179.012135
2022-08-17,-4581.290018
2022-08-18,-2786.077476
2022-08-19,-748.7476917
2022-08-20,-1213.254291
2022-08-21,490.8071075
2022-08-22,3169.883789
2022-08-23,5046.26531
2022-08-24,-2478.161786
2022-08-25,-3057.999708
2022-08-26,-409.8932429
2022-08-27,-4380.837163
2022-08-28,699.1142666
2022-08-29,-4692.126946
2022-08-30,3853.051131
2022-08-31,5451.48647
2022-09-01,-1166.972325
2022-09-02,3840.63161
2022-09-03,28.66521972
2022-09-04,4870.930609
2022-09-05,-2487.293428
2022-09-06,4887.967189
2022-09-07,2982.724916
2022-09-08,-255.4480252
2022-09-09,3483.149272
2022-09-10,658.5735511
2022-09-11,-1692.813122
2022-09-12,-657.7432837
2022-09-13,28540.15936
2022-09-14,-923.8457255
2022-09-15,23731.64945
2022-09-16,-3559.268164
2022-09-17,1781.616288
2022-09-18,-1601.944217
2022-09-19,1151.735748
2022-09-20,825.5849068
2022-09-21,1645.861412
2022-09-22,-2086.895384
2022-09-23,-1594.519287
2022-09-24,-732.4414326
2022-09-25,6645.917067
2022-09-26,-4331.308874
2022-09-27,876.8327472
2022-09-28,-1780.901631
2022-09-29,13784.35499
2022-09-30,-34620.79091
2022-10-01,710.4066088
2022-10-02,7443.916074
2022-10-03,1183.09078
2022-10-04,4324.50617
2022-10-05,-14153.35731
2022-10-06,-14772.09743
2022-10-07,-13137.51817
2022-10-08,-172.8752651
2022-10-09,-468.7358631
2022-10-10,-1849.31468
2022-10-11,22810.8603
2022-10-12,11776.60268
2022-10-13,-6200.515051
2022-10-14,-388.1842124
2022-10-15,771.9059868
2022-10-16,453.0341303
2022-10-17,9503.002608
2022-10-18,2484.270484
2022-10-19,-2862.944454
2022-10-20,4468.64943
2022-10-21,-2365.863676
2022-10-22,269.8717289
2022-10-23,-1424.894868
2022-10-24,3493.058058
2022-10-25,3075.042861
2022-10-26,-71333.65636
2022-10-27,5173.572207
2022-10-28,-1986.400671
2022-10-29,298.5387877
2022-10-30,506.9535176
2022-10-31,100.6242131
2022-11-01,-3501.359396
2022-11-02,2734.588601
2022-11-03,936.0388713
2022-11-04,3429.951749
2022-11-05,-894.400826
2022-11-06,4330.377841
2022-11-07,-2265.818134
2022-11-08,1476.81365
2022-11-09,-9686.721615
2022-11-10,-10396.88272
2022-11-11,-71737.16852
2022-11-12,-4998.840983
2022-11-13,-5579.17685
2022-11-14,5338.148525
2022-11-15,-5248.324856
2022-11-16,-8774.018987
2022-11-17,1387.612224
2022-11-18,123663.6759
2022-11-19,-2547.276202
2022-11-20,-1046.330838
2022-11-21,3077.594434
2022-11-22,-863.3394296
2022-11-23,-601.0347664
2022-11-24,-157.0387301
2022-11-25,3670.815605
2022-11-26,223.9167316
2022-11-27,-437.0515496
2022-11-28,-129021.2542
2022-11-29,4311.205945
2022-11-30,3416.642135
2022-12-01,-3952.212038
2022-12-02,4738.181339
2022-12-03,-4459.381598
2022-12-04,491.1490111
2022-12-05,3704.828092
2022-12-06,-480.803604
2022-12-07,-1529.992929
2022-12-08,937.7151881
2022-12-09,4820.364666
2022-12-10,-1971.159877
2022-12-11,-788.6609185
2022-12-12,5166.680025
2022-12-13,5210.39314
2022-12-14,-3005.513416
2022-12-15,5342.909765
2022-12-16,-1364.24065
2022-12-17,946.2898108
2022-12-18,1528.495113
2022-12-19,-1886.263696
2022-12-20,298.1018576
2022-12-21,1462.765958
2022-12-22,-914.3507631
2022-12-23,-588.9056895
2022-12-24,127.0829134
2022-12-25,2185.09902
2022-12-26,-852.2025888
2022-12-27,-68.44533761
2022-12-28,-4645.75056
2022-12-29,-2682.091601
2022-12-30,-4554.655257
2022-12-31,691.9679904
2023-01-01,7931.547048
2023-01-02,-5041.255874
2023-01-03,252.6266416
2023-01-04,2115.062875
2023-01-05,-709.3283626
2023-01-06,400.7710133
2023-01-07,-3250.097587
2023-01-08,818.2682497
2023-01-09,-1345.943875
2023-01-10,597.0183374
2023-01-11,558.1533347
2023-01-12,-1226.398507
2023-01-13,-6470.176287
2023-01-14,981.7115184
2023-01-15,8056.041355
2023-01-16,-10615.54513
2023-01-17,-5646.780403
2023-01-18,2174.414138
2023-01-19,-2513.404177
2023-01-20,984.3245344
2023-01-21,-3873.241565
2023-01-22,577.1090229
2023-01-23,3585.789685
2023-01-24,-2364.009866
2023-01-25,764.9766726
2023-01-26,8610.96751
2023-01-27,-1066.857112
2023-01-28,-3251.208609
2023-01-29,2047.120448
2023-01-30,-4733.236453
2023-01-31,2389.386482
2023-02-01,2577.940987
2023-02-02,-999.1038225
2023-02-03,-3694.336386
2023-02-04,1004.173545
2023-02-05,1426.250028
2023-02-06,696.221772
2023-02-07,434.2088425
2023-02-08,1355.700985
2023-02-09,3183.261781
2023-02-10,-1571.174248
2023-02-11,502.5398427
2023-02-12,1181.044631
2023-02-13,2745.336545
2023-02-14,4756.054692
2023-02-15,1238.191252
2023-02-16,607.3715086
2023-02-17,466.580933
2023-02-18,-2359.953073
2023-02-19,-1676.185978
2023-02-20,2146.125744
2023-02-21,7.58331414
2023-02-22,-1878.987511
2023-02-23,2228.858128
2023-02-24,-1569.972311
2023-02-25,517.8402307
2023-02-26,541.1659811
2023-02-27,-583.7735352
2023-02-28,-831.9564103
2023-03-01,3875.733648
2023-03-02,1391.29428
2023-03-03,-0.4882798
2023-03-04,-593.2748095
2023-03-05,-22.86786321
2023-03-06,-735.1983266
2023-03-07,-114.8004682
2023-03-08,-1178.193105
2023-03-09,-2196.260526
2023-03-10,934.6746426
2023-03-11,-944.9694434
2023-03-12,-187.0567881
2023-03-13,3044.034839
2023-03-14,6665.774119
2023-03-15,1943.424421
2023-03-16,37041.07178
2023-03-17,13130.98495
2023-03-18,-4285.692936
2023-03-19,12203.08645
2023-03-20,-2922.506148
2023-03-21,29.44364463
2023-03-22,-11788.06145
2023-03-23,894.9347329
2023-03-24,-816.6984716
2023-03-25,-3774.481346
2023-03-26,30.87227663
2023-03-27,849.8865786
2023-03-28,-2386.846643
2023-03-29,-1051.775803
2023-03-30,-18560.12287
2023-03-31,-1502.091966
2023-04-01,3011.499446
2023-04-02,-341.0827282
2023-04-03,965.0633617
2023-04-04,-764.4424115
2023-04-05,19434.48565
2023-04-06,-568.2493573
2023-04-07,-1395.310151
2023-04-08,428.9055692
2023-04-09,-216.1471568
2023-04-10,3579.529562
2023-04-11,-4061.575617
2023-04-12,17994.20211
2023-04-13,506.2206442
2023-04-14,109.9500009
2023-04-15,-4515.945534
2023-04-16,2556.426115
2023-04-17,-2391.404124
2023-04-18,-786.4110321
2023-04-19,-759.2302846
2023-04-20,14026.69019
2023-04-21,437.6289709
2023-04-22,8401.349192
2023-04-23,-638.778084
2023-04-24,-1202.224923
2023-04-25,13184.27826
2023-04-26,13124.50829
2023-04-27,-1502.765301
2023-04-28,411.6657703
2023-04-29,-965.8122013
2023-04-30,1848.597929
2023-05-01,793.9300776
2023-05-02,12645.18243
2023-05-03,2480.813168
2023-05-04,-4312.125281
2023-05-05,2303.271281
2023-05-06,4011.231958
2023-05-07,-67788.33064
2023-05-08,-1191.550742
2023-05-09,4896.492222
2023-05-10,-9859.500991
2023-05-11,2372.155683
2023-05-12,292.4656692
2023-05-13,1573.124207
2023-05-14,-11607.32257
2023-05-15,4108.800257
2023-05-16,237.0345989
2023-05-17,-1453.650988
2023-05-18,-1179.237714
2023-05-19,561.0661402
2023-05-20,200.9346312
2023-05-21,533.2947744
2023-05-22,1225.561088
2023-05-23,2410.868289
2023-05-24,-2973.936537
2023-05-25,2822.905191
2023-05-26,-5067.119634
2023-05-27,1158.479116
2023-05-28,695.2202643
2023-05-29,-2199.60795
2023-05-30,2534.402648
2023-05-31,-353.2370576
2023-06-01,1713.334219
2023-06-02,-1757.567795
2023-06-03,938.8377968
2023-06-04,-6081.340654
2023-06-05,-4361.342396
2023-06-06,862.8297409
2023-06-07,3096.956664
2023-06-08,-1017.459086
2023-06-09,-4131.955722
2023-06-10,1311.32156
2023-06-11,-4185.727123
2023-06-12,-1457.401597
2023-06-13,4872.089166
2023-06-14,-3161.024771
2023-06-15,-409.6860267
2023-06-16,383.396817
2023-06-17,-21802.41527
2023-06-18,3291.327772
2023-06-19,-13843.34115
2023-06-20,993.8577214
2023-06-21,502.8876078
2023-06-22,-1053.845938
2023-06-23,-1097.132354
2023-06-24,-2773.77706
2023-06-25,-300.4660637
2023-06-26,448.3076392
2023-06-27,-411.1265597
2023-06-28,158.2287491
2023-06-29,-2235.04692
2023-06-30,-2616.658213
2023-07-01,2048.014273
2023-07-02,2888.822586
2023-07-03,3754.787271
2023-07-04,-5509.810877
2023-07-05,867.1560131
2023-07-06,525.1888478
2023-07-07,191.4608124
2023-07-08,2297.662383
2023-07-09,1191.709269
2023-07-10,-423.5837623
2023-07-11,-229.9669508
2023-07-12,-70.10503208
2023-07-13,1187.553157
2023-07-14,681.9126965
2023-07-15,-401.234427
2023-07-16,32.19972614
2023-07-17,209.4745547
2023-07-18,-1145.352925
2023-07-19,518.0920577
2023-07-20,-839.2223739
2023-07-21,856.5864165
2023-07-22,-430.1219551
2023-07-23,-160.1323855
2023-07-24,-5127.564089
2023-07-25,220.52046
2023-07-26,-596.904616
2023-07-27,974.9075174
2023-07-28,-1104.145376
2023-07-29,920.1552596
2023-07-30,838.4100558
2023-07-31,-814.5291471
2023-08-01,1992.450535
2023-08-02,1539.519581
2023-08-03,1329.474195
2023-08-04,-1031.165444
2023-08-05,-686.9360559
2023-08-06,270.1803013
2023-08-07,1184.510843
2023-08-08,-1071.105146
2023-08-09,504.037371
2023-08-10,-1973.963876
2023-08-11,1191.680946
2023-08-12,2854.013898
2023-08-13,1156.343962
2023-08-14,-1298.093338
2023-08-15,-1082.439391
2023-08-16,-1647.469881
2023-08-17,-1916.481429
2023-08-18,-3835.691536
2023-08-19,1238.784956
2023-08-20,1160.432033
2023-08-21,-418.1428619
2023-08-22,3463.241188
2023-08-23,-3773.532909
2023-08-24,-3840.847164
2023-08-25,986.0191726
2023-08-26,283.9124709
2023-08-27,1334.72035
2023-08-28,1147.584972
2023-08-29,977.520713
2023-08-30,-1013.909416
2023-08-31,284.7060153
2023-09-01,3277.50151
2023-09-02,-176.6339725
2023-09-03,573.8441714
2023-09-04,-18.47252511
2023-09-05,-719.7279869
2023-09-06,-397.5507139
2023-09-07,3621.581281
2023-09-08,-1553.282653
2023-09-09,2635.018309
2023-09-10,412.6696087
2023-09-11,-5005.837304
2023-09-12,234.490508
2023-09-13,-653.5842924
2023-09-14,1756.901171
2023-09-15,54.79822936
2023-09-16,-141.1984986
2023-09-17,837.7764514
2023-09-18,289.713755
2023-09-19,-395.1196552
2023-09-20,-5148.384109
2023-09-21,258.8390987
2023-09-22,-1374.074122
2023-09-23,21430.82705
2023-09-24,647.4330139
2023-09-25,-1385.535665
2023-09-26,213.5929348
2023-09-27,2009.616967
2023-09-28,-1162.371627
2023-09-29,-1204.196542
2023-09-30,-704.2936404
2023-10-01,4037.013255
2023-10-02,3140.77368
2023-10-03,-1154.01679
2023-10-04,3342.285966
2023-10-05,1213.766791
2023-10-06,-1159.075776
2023-10-07,-84.77979619
2023-10-08,130.4961413
2023-10-09,1492.011041
2023-10-10,1481.457
2023-10-11,-1677.84922
2023-10-12,1492.442259
2023-10-13,215.3738011
2023-10-14,1261.920696
2023-10-15,-357.9002121
2023-10-16,-4350.880308
2023-10-17,-1853.60736
2023-10-18,-671.7794581
2023-10-19,-963.2911493
2023-10-20,911.4133701
2023-10-21,914.4736883
2023-10-22,-513.0198298
2023-10-23,1518.835353
2023-10-24,-6284.880728
2023-10-25,651.4555056
2023-10-26,-1255.535726
2023-10-27,-487.4529939
2023-10-28,6262.14855
2023-10-29,827.9507002
2023-10-30,-1127.308529
2023-10-31,-223.0519161
2023-11-01,-1393.755257
2023-11-02,6141.534919
2023-11-03,-6211.192724
2023-11-04,862.8101457
2023-11-05,566.5103536
2023-11-06,645.8222746
2023-11-07,6545.615483
2023-11-08,-15.78382607
2023-11-09,-2022.172725
2023-11-10,4758.713652
2023-11-11,775.4061268
2023-11-12,-107.9436366
2023-11-13,1831.765393
2023-11-14,2737.135452
2023-11-15,954.1353008
2023-11-16,-455.6503489
2023-11-17,-4266.397158
2023-11-18,326.6938537
2023-11-19,930.2749488
2023-11-20,-2545.233685
2023-11-21,1321.820525
2023-11-22,2949.136611
2023-11-23,-3417.279849
2023-11-24,-952.7794452
2023-11-25,75.01022102
2023-11-26,-1621.702256
2023-11-27,-289.0284126
2023-11-28,-2471.941873
2023-11-29,-1863.507277
2023-11-30,-144.5842013
2023-12-01,3902.187043
2023-12-02,-2570.166387
2023-12-03,12.37304547
2023-12-04,2874.128511
2023-12-05,-1011.627387
2023-12-06,3881.26625
2023-12-07,-1035.300281
2023-12-08,3615.464002
2023-12-09,2270.762729
2023-12-10,-27.06220355
2023-12-11,1649.489573
2023-12-12,13266.79336
2023-12-13,4428.046031
2023-12-14,-976.9761564
2023-12-15,-605.314849
2023-12-16,-6246.728302
2023-12-17,830.5825149
2023-12-18,2390.058195
2023-12-19,1634.742096
2023-12-20,-896.8733916
2023-12-21,3343.197807
2023-12-22,-159.3413055
2023-12-23,-364.3196948
2023-12-24,1703.711242
2023-12-25,116.1892727
2023-12-26,-2830.501544
2023-12-27,1086.06642
2023-12-28,1539.065729
2023-12-29,2519.408677
2023-12-30,10032.61818
2023-12-31,-1734.159096
2024-01-01,2598.115227
2024-01-02,-2007.841381
2024-01-03,-1371.921899
2024-01-04,1004.850107
2024-01-05,-3190.047275
2024-01-06,6440.268165
2024-01-07,-6557.20075
2024-01-08,2598.651788
2024-01-09,3282.770453
2024-01-10,9025.033195
2024-01-11,68.58314208
2024-01-12,10945.34506
2024-01-13,-2189.883901
2024-01-14,193.8596089
2024-01-15,1518.465249
2024-01-16,-2211.799224
2024-01-17,1771.933823
2024-01-18,324.2589741
2024-01-19,526.0919313
2024-01-20,2130.727167
2024-01-21,557.7063065
2024-01-22,1950.215589
2024-01-23,-766.9601342
2024-01-24,2774.45726
2024-01-25,683.3103778
2024-01-26,6997.578533
2024-01-27,-231.1491435
2024-01-28,444.0275929
2024-01-29,-1191.02911
2024-01-30,-52.00863737
2024-01-31,-2678.754337
2024-02-01,-2002.024852
2024-02-02,-1988.746853
2024-02-03,-1107.981137
2024-02-04,817.9319097
2024-02-05,-1062.106114
2024-02-06,1452.260052
2024-02-07,-868.1266407
2024-02-08,-1155.097404
2024-02-09,-3174.288324
2024-02-10,507.6124543
2024-02-11,-685.1295043
2024-02-12,162.796051
2024-02-13,-2149.776589
2024-02-14,4167.417684
2024-02-15,-8843.890738
2024-02-16,-494.223632
2024-02-17,-1885.968252
2024-02-18,1267.33226
2024-02-19,1814.709068
2024-02-20,-703.9932686
2024-02-21,-125.3825345
2024-02-22,-1156.45204
2024-02-23,363.9205252
2024-02-24,137.2821901
2024-02-25,2620.67725
2024-02-26,-4801.560278
2024-02-27,-7807.943761
2024-02-28,-578.8157708
2024-02-29,2279.055403
2024-03-01,-2966.823573
2024-03-02,317.4354113
2024-03-03,145.7921273
2024-03-04,3179.255792
2024-03-05,2411.398504
2024-03-06,-2317.623181
2024-03-07,-3082.833933
2024-03-08,-1506.431351
2024-03-09,196.0223946
2024-03-10,404.6650846
2024-03-11,-3487.17352
2024-03-12,-2879.58904
2024-03-13,3546.440907
2024-03-14,-8967.522784
2024-03-15,4320.975017
2024-03-16,4967.956731
2024-03-17,-2390.196826
2024-03-18,302.5948278
2024-03-19,-1860.895332
2024-03-20,1314.499285
2024-03-21,-3120.962762
2024-03-22,512.8936506
2024-03-23,71.42228619
2024-03-24,-589.3006975
2024-03-25,603.1097736
2024-03-26,-2594.013808
2024-03-27,1591.239458
2024-03-28,-3089.985056
2024-03-29,-649.5621697
2024-03-30,838.9045765
2024-03-31,-8620.056573
2024-04-01,669.7458497
2024-04-02,1009.007338
2024-04-03,-3814.997421
2024-04-04,-260.3514407
2024-04-04,-260.3514407
2024-04-05,-926.9168147
2024-04-06,-8511.783406
2024-04-07,454.9114142
2024-04-08,-849.8142608
2024-04-09,470.9608812
2024-04-10,-3357.282958
2024-04-11,391.7540562
2024-04-12,-619.7773322
2024-04-13,-230.964917
2024-04-14,-756.4670106
2024-04-15,1503.231337
2024-04-16,-1854.019658
2024-04-17,1203.20726
2024-04-18,18509.81168
2024-04-19,-2649.153447
2024-04-20,-460.6863811
2024-04-21,1914.359728
2024-04-22,926.9429082
2024-04-23,-41.31690675
2024-04-24,-1131.216172
2024-04-25,2669.716847
2024-04-26,2211.906704
2024-04-27,-1727.651185
2024-04-28,2379.297715
2024-04-29,5287.55518
2024-04-30,-1528.373783
2024-05-01,2553.687861
2024-05-02,11655.33386
2024-05-03,1712.193827
2024-05-04,-1830.056467
2024-05-05,2982.2842
2024-05-06,-1269.593261
2024-05-07,282.3980778
2024-05-08,2473.478621
2024-05-09,-1757.257713
2024-05-10,-633.2421741
2024-05-11,-421.9507084
2024-05-12,-1518.006723
2024-05-13,1010.288205
2024-05-14,-1195.132434
2024-05-15,651.0690056
2024-05-16,-1615.772436
2024-05-17,-401.1565188
2024-05-18,-588.1208646
2024-05-19,-884.3795772
2024-05-20,-70.40468036
2024-05-21,4054.006168
2024-05-22,4842.939277
2024-05-23,1910.777584
2024-05-24,566.1979748
2024-05-25,858.2630533
2024-05-26,437.7130584
2024-05-27,682.6062251
2024-05-28,800.1986602
2024-05-29,2335.642738
2024-05-30,15621.62955
2024-05-31,-16068.60022
2024-06-01,421.7675153
2024-06-02,1945.690559
2024-06-03,521.0174946
2024-06-04,159.6230166
2024-06-05,-849.8223795
2024-06-06,-2868.525766
2024-06-07,-2327.931369
2024-06-08,-2338.670014
2024-06-09,-1142.796543
2024-06-10,-961.1936039
2024-06-11,-2962.173011
2024-06-12,-1982.11317
2024-06-13,-1689.090056
2024-06-14,-1429.262128
2024-06-15,1050.22316
2024-06-16,-821.7006607
2024-06-17,1672.881384
2024-06-18,-541.8022535
2024-06-19,-3233.815321
2024-06-20,-327.2910373
2024-06-21,-4562.600931
2024-06-22,435.1459352
2024-06-23,245.1197407
2024-06-24,1062.634912
2024-06-25,-396.9132408
2024-06-26,2492.616517
2024-06-27,14690.38499
2024-06-28,1262.773702
2024-06-29,5482.645905
2024-06-30,162.12032
2024-07-01,-2345.619919
2024-07-02,570.0697353
2024-07-03,1968.533339
2024-07-04,8273.707352
2024-07-05,1061.213498
2024-07-06,2223.710432
2024-07-07,2349.054672
2024-07-08,3422.892333
2024-07-09,-552.1388937
2024-07-10,-305.3941015
2024-07-11,74.50725131
2024-07-12,7097.98641
2024-07-13,1359.904916
2024-07-14,1189.975801
2024-07-15,2103.562615
2024-07-16,46667.08436
2024-07-17,-2985.95591
2024-07-18,205.3302581
2024-07-19,-2249.691437
2024-07-20,655.4726051
2024-07-21,769.8947569
2024-07-22,-1184.836568
2024-07-23,-5792.354272
2024-07-24,-5268.872132
2024-07-25,8266.08925
2024-07-26,1024.834015
2024-07-27,-510.7779574
2024-07-28,-121.2176179
2024-07-29,-3145.349923
2024-07-30,2703.175404
2024-07-31,-1438.925497
2024-08-01,-7092.8894
2024-08-02,-10269.43696
2024-08-03,-328.1890521
2024-08-04,-1350.454226
2024-08-05,-3123.9055
2024-08-06,56.9501505
2024-08-07,-2876.294345
2024-08-08,-1221.971754
2024-08-09,12402.59697
2024-08-10,-1920.378169
2024-08-11,-3518.489305
2024-08-12,-244.030321
2024-08-13,516.1788233
2024-08-14,2655.393783
2024-08-15,1469.704421
2024-08-16,634.3572879
2024-08-17,433.6221987
2024-08-18,1176.850843
2024-08-19,1586.629393
2024-08-20,623.2771066
2024-08-21,3069.530646
2024-08-22,386.408333
2024-08-23,-1946.951312
2024-08-24,1000.948749
2024-08-25,1243.859786
2024-08-26,-1170.737111
2024-08-27,-8412.535485
2024-08-28,-3197.05682
2024-08-29,-2019.035908
2024-08-30,1495.477384
2024-08-31,-567.480484
2024-09-01,-1301.642248
2024-09-02,-911.6654147
2024-09-03,-6785.051313
2024-09-04,-1227.956859
2024-09-05,488.9093616
2024-09-06,8436.789018
2024-09-07,-2358.067764
2024-09-08,622.1591269
2024-09-09,-5025.313539
2024-09-10,-10069.33036
2024-09-11,-3776.260778
2024-09-12,3426.940752
2024-09-13,-707.7782651
2024-09-14,-2759.444699
2024-09-15,520.5333792
2024-09-16,1066.643536
2024-09-17,813.9901872
2024-09-18,2477.185742
2024-09-19,329.4393422
2024-09-20,-113.1559323
2024-09-21,2134.256661
2024-09-22,562.383994
2024-09-23,2765.580136
2024-09-24,-3426.7601
2024-09-25,212.9598558
2024-09-26,-664.6723776
2024-09-27,-2625.698819
2024-09-28,-1449.016623
2024-09-29,153.0583652
2024-09-30,-1295.365568
2024-10-01,524.7194718
2024-10-02,-61.90548933
2024-10-03,-936.1019506
2024-10-04,1193.78153
2024-10-05,303.9465611
2024-10-06,-1353.910552
2024-10-07,-578.1565495
2024-10-08,-1782.585692
2024-10-09,956.1523768
2024-10-10,-600.9178111
2024-10-11,1001.037995
2024-10-12,-680.3751269
2024-10-13,413.6227053
2024-10-14,-1258.997308
2024-10-15,-1533.709376
2024-10-16,3714.992218
2024-10-17,-3755.976619
2024-10-18,-1082.752019
2024-10-19,-1310.905686
2024-10-20,1096.929936
2024-10-21,745.0642256
2024-10-22,-2425.898123
2024-10-23,-1128.272448
2024-10-24,-138.1027396
2024-10-25,503.8234418
2024-10-26,341.0602155
2024-10-27,186.0988756
2024-10-28,-344.5442382
2024-10-29,-597.5966038
2024-10-30,-2917.389331
2024-10-31,213.7386553
2024-11-01,106.9814332
2024-11-02,641.2339641
2024-11-03,-1804.400026
2024-11-04,1538.476682
2024-11-05,104.8484266
2024-11-06,-1334.505334
2024-11-07,-1983.834719
2024-11-08,-4764.96196
2024-11-09,-1481.372673
2024-11-10,757.5874922
2024-11-11,-674.1065364
2024-11-12,6158.680659
2024-11-13,-1921.656206
2024-11-14,-3829.682678
2024-11-15,1700.63888
2024-11-16,-1091.83864
2024-11-17,1124.803778
2024-11-18,6.94071206
2024-11-19,-41742.20212
2024-11-20,-3958.273333
2024-11-21,-2129.632373
2024-11-22,-1015.072418
2024-11-23,-13956.56691
2024-11-24,73.40371607
2024-11-25,1047.943507
2024-11-26,2212.163803
2024-11-27,-437.2879873
2024-11-28,-764.7652893
2024-11-29,1052.536564
2024-11-30,-464.6134543
2024-12-01,3022.648004
2024-12-02,1276.702093
2024-12-03,3844.698733
2024-12-04,10161.45986
2024-12-05,-2076.87182
2024-12-06,-1192.908866
2024-12-07,852.3576413
2024-12-08,1126.864568
2024-12-09,-89.79422044
2024-12-10,-810.0776792
2024-12-11,-432.0825189
2024-12-12,-1999.851678
2024-12-13,-1780.879544
2024-12-14,-287.4197636
2024-12-15,-1083.621389
2024-12-16,-1227.276561
2024-12-17,-2061.236528
2024-12-18,-1233.547359
2024-12-19,3446.229822
2024-12-20,-1015.711923
2024-12-21,1151.20571
2024-12-22,-1173.830004
2024-12-23,2635.636393
2024-12-24,-1477.794601
2024-12-25,-291.8333232
2024-12-26,2069.186619
2024-12-27,1498.846578
2024-12-28,-1318.926941
2024-12-29,111.0465137
2024-12-30,-3778.451832
2024-12-31,-957.1941408
