Date,HashRate
2019-01-01,41.82659674
2019-01-02,42.361558509999995
2019-01-03,43.52991642
2019-01-04,41.78646826
2019-01-05,46.90486692
2019-01-06,39.54856259
2019-01-07,39.13261393
2019-01-08,47.709037259999995
2019-01-09,45.871308729999996
2019-01-10,43.32087790999999
2019-01-11,41.195175490000004
2019-01-12,38.4682798
2019-01-13,39.34388147999999
2019-01-14,43.64621556
2019-01-15,38.793183219999996
2019-01-16,39.08610832
2019-01-17,37.302036869999995
2019-01-18,40.5390929
2019-01-19,38.85709793
2019-01-20,45.828604920000004
2019-01-21,43.712740090000004
2019-01-22,39.33859114
2019-01-23,43.03634924
2019-01-24,47.44140945
2019-01-25,40.0917203
2019-01-26,44.106488590000005
2019-01-27,40.299811829999996
2019-01-28,42.00061668
2019-01-29,42.40875197
2019-01-30,39.05136661
2019-01-31,45.57583674
2019-02-01,45.775306840000006
2019-02-02,41.518932140000004
2019-02-03,40.30307038
2019-02-04,43.47305771
2019-02-05,42.69722582
2019-02-06,47.47590596
2019-02-07,50.442661890000004
2019-02-08,46.903472439999994
2019-02-09,43.22831837
2019-02-10,41.094129439999996
2019-02-11,43.50383666
2019-02-12,38.53611032
2019-02-13,46.13647762
2019-02-14,43.8304334
2019-02-15,38.52498817
2019-02-16,45.243824090000004
2019-02-17,47.84775699
2019-02-18,46.55735272
2019-02-19,47.463759409999994
2019-02-20,39.188196399999995
2019-02-21,35.88634838
2019-02-22,48.557438
2019-02-23,43.326983850000005
2019-02-24,41.699034479999995
2019-02-25,43.76239367
2019-02-26,48.51848084
2019-02-27,43.37875874
2019-02-28,45.75208293
2019-03-01,48.99091286
2019-03-02,40.41915983
2019-03-03,44.10629665
2019-03-04,41.51927734
2019-03-05,45.58349696
2019-03-06,38.44002701
2019-03-07,43.09415196
2019-03-08,44.04413458
2019-03-09,42.06784675
2019-03-10,41.85999213
2019-03-11,42.94383684
2019-03-12,43.928506240000004
2019-03-13,41.261208409999995
2019-03-14,47.06322242
2019-03-15,46.388378100000004
2019-03-16,49.59295672
2019-03-17,44.21945375
2019-03-18,49.15272618
2019-03-19,53.41646419
2019-03-20,48.338052700000006
2019-03-21,45.21810615
2019-03-22,49.26827855
2019-03-23,43.8293685
2019-03-24,47.228168509999996
2019-03-25,47.02684644
2019-03-26,42.47965159
2019-03-27,47.68135318
2019-03-28,46.366994119999994
2019-03-29,46.54985834
2019-03-30,43.91486121
2019-03-31,44.87757721
2019-04-01,43.406358409999996
2019-04-02,51.03769603
2019-04-03,45.25215641
2019-04-04,45.93000762
2019-04-05,50.01978684
2019-04-06,44.03351112
2019-04-07,46.12380032
2019-04-08,47.28119067
2019-04-09,42.54107412
2019-04-10,47.251301590000004
2019-04-11,50.0891194
2019-04-12,48.38326913
2019-04-13,43.1119812
2019-04-14,38.87890893
2019-04-15,46.12015725
2019-04-16,46.13522516
2019-04-17,43.69726096
2019-04-18,47.305812450000005
2019-04-19,48.575719899999996
2019-04-20,41.89377978
2019-04-21,51.365832700000006
2019-04-22,43.11669257
2019-04-23,37.35146682
2019-04-24,52.151883299999994
2019-04-25,45.51308916
2019-04-26,48.28821112
2019-04-27,44.280221420000004
2019-04-28,51.7374175
2019-04-29,51.317569420000005
2019-04-30,44.32402075
2019-05-01,55.25467474
2019-05-02,59.14818239
2019-05-03,48.248666
2019-05-04,42.81356864
2019-05-05,43.46431439
2019-05-06,50.382022240000005
2019-05-07,43.92246823
2019-05-08,50.75224966
2019-05-09,51.26523319
2019-05-10,41.91027684
2019-05-11,43.313882490000005
2019-05-12,52.37384718
2019-05-13,56.324595130000006
2019-05-14,50.903812789999996
2019-05-15,49.463240090000006
2019-05-16,49.1725324
2019-05-17,50.53770067
2019-05-18,51.23043207
2019-05-19,55.5705487
2019-05-20,53.95637122
2019-05-21,51.16149136
2019-05-22,58.72872157
2019-05-23,52.58199536
2019-05-24,50.759817590000004
2019-05-25,46.68924245
2019-05-26,55.52702184
2019-05-27,56.120379490000005
2019-05-28,54.76155343
2019-05-29,58.3505764
2019-05-30,53.90640503
2019-05-31,43.61105174
2019-06-01,56.69162825
2019-06-02,49.111309119999994
2019-06-03,44.452685530000004
2019-06-04,57.00109263
2019-06-05,60.792325170000005
2019-06-06,58.14986526
2019-06-07,58.874696310000004
2019-06-08,45.73347053
2019-06-09,54.430542259999996
2019-06-10,58.20539441
2019-06-11,53.86951669
2019-06-12,49.32709225
2019-06-13,55.79842689
2019-06-14,63.02489239
2019-06-15,53.64217437
2019-06-16,49.377349280000004
2019-06-17,48.75183167
2019-06-18,60.58413811
2019-06-19,65.30028136
2019-06-20,52.85988183
2019-06-21,49.66954576
2019-06-22,53.13025871
2019-06-23,66.78671465
2019-06-24,65.18400485000001
2019-06-25,53.604784810000005
2019-06-26,61.01872892
2019-06-27,55.7182823
2019-06-28,64.90157024
2019-06-29,68.81499556
2019-06-30,60.11026178
2019-07-01,56.27314523
2019-07-02,62.14378271
2019-07-03,67.5135382
2019-07-04,65.7535149
2019-07-05,74.2520774
2019-07-06,70.49907762000001
2019-07-07,61.32496815
2019-07-08,71.68968849
2019-07-09,65.54923313
2019-07-10,58.03991058
2019-07-11,58.76405767
2019-07-12,73.99811103
2019-07-13,65.35057318
2019-07-14,65.85096948
2019-07-15,66.18775828
2019-07-16,74.12395602
2019-07-17,60.776029740000006
2019-07-18,55.15634847
2019-07-19,53.38101178
2019-07-20,79.61107911
2019-07-21,66.76802516
2019-07-22,71.41332670999999
2019-07-23,63.978547119999995
2019-07-24,62.73215185
2019-07-25,66.95499985000001
2019-07-26,74.71544329000001
2019-07-27,68.57084809999999
2019-07-28,79.12772204000001
2019-07-29,76.04715188
2019-07-30,63.780601049999994
2019-07-31,76.71216095
2019-08-01,63.665299049999994
2019-08-02,75.89193214
2019-08-03,77.3181564
2019-08-04,74.48004571
2019-08-05,70.40615516
2019-08-06,80.52430794
2019-08-07,76.2074463
2019-08-08,70.66764967
2019-08-09,72.91285687999999
2019-08-10,75.35888795
2019-08-11,75.71354685
2019-08-12,66.48951274
2019-08-13,79.39067922
2019-08-14,76.05639975
2019-08-15,77.74483678
2019-08-16,72.87551789
2019-08-17,64.50127162
2019-08-18,64.01447415
2019-08-19,82.93942951999999
2019-08-20,77.95933212999999
2019-08-21,69.03699631
2019-08-22,71.42856273000001
2019-08-23,77.45884754000001
2019-08-24,80.88372992000001
2019-08-25,79.06020783
2019-08-26,69.51830737
2019-08-27,68.07590013
2019-08-28,77.13707458
2019-08-29,83.30999958
2019-08-30,81.06003141
2019-08-31,84.20330798
2019-09-01,76.18271431999999
2019-09-02,81.86505734
2019-09-03,88.01138894
2019-09-04,72.60814693
2019-09-05,89.44068032999999
2019-09-06,84.6837459
2019-09-07,80.51320526
2019-09-08,95.66036249
2019-09-09,78.90843065
2019-09-10,97.50058312
2019-09-11,99.1296389
2019-09-12,84.55067131
2019-09-13,81.59123789
2019-09-14,91.52065932
2019-09-15,89.3137358
2019-09-16,96.69016618
2019-09-17,88.15463037
2019-09-18,105.3260011
2019-09-19,87.20941791
2019-09-20,89.56037917
2019-09-21,97.7031192
2019-09-22,99.64645970999999
2019-09-23,67.03152397
2019-09-24,93.19945451000001
2019-09-25,93.20717857
2019-09-26,101.9346692
2019-09-27,83.66091295
2019-09-28,101.2295862
2019-09-29,86.83269311
2019-09-30,83.52340337999999
2019-10-01,90.48447747
2019-10-02,93.84732457
2019-10-03,93.57845956999999
2019-10-04,94.82500419
2019-10-05,100.5642033
2019-10-06,94.26611472
2019-10-07,98.33457326
2019-10-08,102.923048
2019-10-09,87.42547031000001
2019-10-10,103.8877493
2019-10-11,101.1676194
2019-10-12,86.7250498
2019-10-13,92.03204927
2019-10-14,87.48556794
2019-10-15,99.70457656999999
2019-10-16,92.16255175
2019-10-17,97.22646479000001
2019-10-18,106.0468108
2019-10-19,92.46088909000001
2019-10-20,96.85156857999999
2019-10-21,103.0775342
2019-10-22,110.78511329999999
2019-10-23,109.8654828
2019-10-24,90.35256184
2019-10-25,94.16411528
2019-10-26,96.81179440000001
2019-10-27,77.78728620999999
2019-10-28,91.44365643
2019-10-29,94.18074435
2019-10-30,91.2931521
2019-10-31,89.24217017000001
2019-11-01,88.63129423999999
2019-11-02,93.62534323
2019-11-03,94.3405455
2019-11-04,89.89618784999999
2019-11-05,98.81940933
2019-11-06,90.67285163
2019-11-07,91.39924568
2019-11-08,83.92926939
2019-11-09,92.67790818
2019-11-10,104.5788795
2019-11-11,98.69449121
2019-11-12,85.11835090999999
2019-11-13,87.73070751
2019-11-14,108.2970751
2019-11-15,100.186012
2019-11-16,93.08064505
2019-11-17,97.336761
2019-11-18,89.1537495
2019-11-19,92.80779306999999
2019-11-20,90.65792153
2019-11-21,87.75442318
2019-11-22,86.49347408
2019-11-23,113.1777107
2019-11-24,84.58436362
2019-11-25,81.42399861
2019-11-26,78.72944240000001
2019-11-27,89.38561495
2019-11-28,108.0755633
2019-11-29,87.61355372
2019-11-30,83.81815041
2019-12-01,93.30891964
2019-12-02,94.38560489
2019-12-03,103.0495695
2019-12-04,107.880492
2019-12-05,94.30977708
2019-12-06,92.42742011
2019-12-07,99.83431182
2019-12-08,94.65067992
2019-12-09,94.50105196999999
2019-12-10,95.07016898
2019-12-11,84.47346474
2019-12-12,85.37512152
2019-12-12,85.37512152
2019-12-13,97.72110559999999
2019-12-14,98.33741121999999
2019-12-15,80.19086084
2019-12-16,102.482284
2019-12-17,90.30752048000001
2019-12-18,85.57953812999999
2019-12-19,102.2863993
2019-12-20,100.2959582
2019-12-21,113.30724409999999
2019-12-22,108.7850863
2019-12-23,91.64199769
2019-12-24,81.04964887
2019-12-25,82.36293035
2019-12-26,107.9159802
2019-12-27,93.48163934
2019-12-28,97.05378354000001
2019-12-29,101.8979528
2019-12-30,108.164866
2019-12-31,98.43510797
2020-01-01,112.38282579999999
2020-01-02,97.32151237000001
2020-01-03,115.5108665
2020-01-04,115.8935518
2020-01-05,112.67701029999999
2020-01-06,92.86737514000001
2020-01-07,120.23454579999999
2020-01-08,98.29568257
2020-01-09,108.7859407
2020-01-10,102.3067375
2020-01-11,111.5835419
2020-01-12,103.7061956
2020-01-13,98.35648806
2020-01-14,99.43938892
2020-01-15,110.4964691
2020-01-16,117.26481609999999
2020-01-17,116.8807267
2020-01-18,96.76757268
2020-01-19,110.27695109999999
2020-01-20,112.5222074
2020-01-21,113.0695696
2020-01-22,115.12712859999999
2020-01-23,116.79904040000001
2020-01-24,112.8707621
2020-01-25,120.2417065
2020-01-26,106.5991268
2020-01-27,96.59322894
2020-01-28,109.1052059
2020-01-29,123.3840244
2020-01-30,120.17332909999999
2020-01-31,111.2982723
2020-02-01,116.7368649
2020-02-02,110.3389668
2020-02-03,113.7928611
2020-02-04,101.9322819
2020-02-05,122.65100890000001
2020-02-06,104.092246
2020-02-07,107.75138940000001
2020-02-08,106.3710193
2020-02-09,117.0875552
2020-02-10,93.9838529
2020-02-11,114.4431867
2020-02-12,110.2260705
2020-02-13,108.97355040000001
2020-02-14,103.8637499
2020-02-15,110.94696929999999
2020-02-16,113.1714565
2020-02-17,121.0213691
2020-02-18,115.660799
2020-02-19,109.3457522
2020-02-20,97.66897865
2020-02-21,119.682677
2020-02-22,114.6842595
2020-02-23,111.3405843
2020-02-24,110.3773281
2020-02-25,114.98995559999999
2020-02-26,106.6198598
2020-02-27,119.9444805
2020-02-28,122.3131978
2020-02-29,106.9697192
2020-03-01,137.44383290000002
2020-03-02,114.9502153
2020-03-03,117.8670473
2020-03-04,128.4372343
2020-03-05,125.5863203
2020-03-06,118.9796171
2020-03-07,124.095133
2020-03-08,121.478009
2020-03-09,121.43494290000001
2020-03-10,108.7766616
2020-03-11,98.75947398000001
2020-03-12,123.9569465
2020-03-13,103.3977143
2020-03-14,107.56203
2020-03-15,99.92642928000001
2020-03-16,97.57404326000001
2020-03-17,100.65919190000001
2020-03-18,83.56385057
2020-03-19,90.53548033
2020-03-20,92.80787175
2020-03-21,102.76514929999999
2020-03-22,104.9989176
2020-03-23,94.80260505
2020-03-24,108.784285
2020-03-25,75.43466145999999
2020-03-26,112.2640047
2020-03-27,106.7230784
2020-03-28,92.96104856999999
2020-03-29,104.135834
2020-03-30,101.6719114
2020-03-31,110.1800259
2020-04-01,105.459373
2020-04-02,105.73068509999999
2020-04-03,93.20861253
2020-04-04,109.32118009999999
2020-04-05,123.3689788
2020-04-06,92.14440966
2020-04-07,116.24718179999999
2020-04-08,102.833475
2020-04-09,114.3679309
2020-04-10,119.3187292
2020-04-11,117.6629045
2020-04-12,112.65179590000001
2020-04-13,125.95226170000001
2020-04-14,122.87110179999999
2020-04-15,124.44567
2020-04-16,111.95536240000001
2020-04-17,92.53386347
2020-04-18,115.1823513
2020-04-19,112.77955370000001
2020-04-20,117.6564406
2020-04-21,116.9448872
2020-04-22,103.28676209999999
2020-04-23,112.0173219
2020-04-24,114.8589705
2020-04-25,108.0609972
2020-04-26,108.3540279
2020-04-27,112.78504690000001
2020-04-28,122.0358785
2020-04-29,117.023928
2020-04-30,107.92603190000001
2020-05-01,111.9508205
2020-05-02,117.0703283
2020-05-03,133.29562959999998
2020-05-04,125.3927068
2020-05-05,125.928122
2020-05-06,123.668736
2020-05-07,117.8275626
2020-05-08,109.47999440000001
2020-05-09,108.6636127
2020-05-10,135.8726321
2020-05-11,125.4806897
2020-05-12,116.5066923
2020-05-13,94.61889745
2020-05-14,94.92321324
2020-05-15,100.0213763
2020-05-16,102.0791098
2020-05-17,81.27945559999999
2020-05-18,101.9218453
2020-05-19,94.78251853
2020-05-20,87.06204659999999
2020-05-21,97.992697
2020-05-22,83.5884816
2020-05-23,89.77886934
2020-05-24,90.85939189
2020-05-25,97.90469214
2020-05-26,92.84210365999999
2020-05-27,106.38476840000001
2020-05-28,100.1286764
2020-05-29,95.71212829000001
2020-05-30,121.9233583
2020-05-31,114.33081209999999
2020-06-01,104.1895307
2020-06-02,97.48763909
2020-06-03,104.3278214
2020-06-04,108.4057099
2020-06-05,122.7686761
2020-06-06,133.4342768
2020-06-07,109.4840042
2020-06-08,110.6386162
2020-06-09,109.3712666
2020-06-10,112.6614618
2020-06-11,126.2734672
2020-06-12,113.5187601
2020-06-13,108.4000855
2020-06-14,116.3259367
2020-06-15,94.13603194
2020-06-16,108.3351559
2020-06-17,108.7208044
2020-06-18,101.0517562
2020-06-19,115.505056
2020-06-20,108.7418726
2020-06-21,116.0447791
2020-06-22,112.40713659999999
2020-06-23,123.9107418
2020-06-24,109.1820952
2020-06-25,111.7477422
2020-06-26,130.7528672
2020-06-27,109.4111155
2020-06-28,117.73662390000001
2020-06-29,114.71767709999999
2020-06-30,116.85381559999999
2020-07-01,127.52368179999999
2020-07-02,130.2169432
2020-07-03,128.4012662
2020-07-04,124.6336167
2020-07-05,128.4613426
2020-07-06,121.44108209999999
2020-07-07,126.4302648
2020-07-08,118.81227179999999
2020-07-09,132.2175002
2020-07-10,126.0541285
2020-07-11,122.3880198
2020-07-12,124.8865096
2020-07-13,120.84338679999999
2020-07-14,124.6144726
2020-07-15,119.75569990000001
2020-07-16,117.1074395
2020-07-17,102.24432420000001
2020-07-18,113.56213690000001
2020-07-19,115.7486502
2020-07-20,122.24469520000001
2020-07-21,108.8376996
2020-07-22,125.30186520000001
2020-07-23,116.590214
2020-07-24,140.0578712
2020-07-25,121.9388007
2020-07-26,137.7133357
2020-07-27,129.4719267
2020-07-28,123.8108885
2020-07-29,127.38167920000001
2020-07-30,115.69819940000001
2020-07-31,129.019782
2020-08-01,116.6290118
2020-08-02,117.988349
2020-08-03,136.2419852
2020-08-04,121.600212
2020-08-05,109.0332201
2020-08-06,131.6743473
2020-08-07,127.1951602
2020-08-08,119.93042820000001
2020-08-09,133.8236195
2020-08-10,115.1786001
2020-08-11,130.8761888
2020-08-12,131.5669469
2020-08-13,124.6013939
2020-08-14,140.4629246
2020-08-15,133.95336170000002
2020-08-16,129.324965
2020-08-17,107.0495735
2020-08-18,117.3069958
2020-08-19,117.10584309999999
2020-08-20,127.6666775
2020-08-21,134.0776923
2020-08-22,115.1920084
2020-08-23,132.1641572
2020-08-24,131.8350621
2020-08-25,112.15436559999999
2020-08-26,125.8933439
2020-08-27,112.4147946
2020-08-28,145.1710925
2020-08-29,127.7824037
2020-08-30,110.40629709999999
2020-08-31,130.5552765
2020-09-01,137.02136330000002
2020-09-02,125.86397720000001
2020-09-03,115.06817290000001
2020-09-04,118.09408640000001
2020-09-05,123.7202149
2020-09-06,133.9513355
2020-09-07,151.62320430000003
2020-09-08,134.0046482
2020-09-09,128.84689459999998
2020-09-10,136.7029458
2020-09-11,120.2031254
2020-09-12,147.47734490000002
2020-09-13,140.8756964
2020-09-14,151.4941474
2020-09-15,134.8984423
2020-09-16,135.20164
2020-09-17,153.6271604
2020-09-18,144.75198619999998
2020-09-19,129.2789575
2020-09-20,137.2391375
2020-09-21,141.6685966
2020-09-22,123.17550779999999
2020-09-23,137.0046299
2020-09-24,133.3710583
2020-09-25,162.39500990000002
2020-09-26,144.3720939
2020-09-27,147.3252391
2020-09-28,126.42993659999999
2020-09-29,135.7102814
2020-09-30,149.9405484
2020-10-01,118.99756909999999
2020-10-02,132.1919235
2020-10-03,146.5564176
2020-10-04,151.8275597
2020-10-05,137.1592654
2020-10-06,124.2085486
2020-10-07,147.14122730000003
2020-10-08,155.16417280000002
2020-10-09,135.93970130000002
2020-10-10,137.0712255
2020-10-11,133.9974507
2020-10-12,147.5223828
2020-10-13,159.150572
2020-10-14,147.3788199
2020-10-15,147.9325821
2020-10-16,150.6762435
2020-10-17,152.5363734
2020-10-18,123.3291976
2020-10-19,124.604838
2020-10-20,142.8268942
2020-10-21,133.8205622
2020-10-22,135.616154
2020-10-23,129.4587352
2020-10-24,151.2269677
2020-10-25,116.5235536
2020-10-26,109.4522763
2020-10-27,97.64404823999999
2020-10-28,100.1071665
2020-10-29,106.4939944
2020-10-30,111.689102
2020-10-31,113.0183667
2020-11-01,124.6267098
2020-11-02,94.51268977
2020-11-03,123.5127897
2020-11-04,133.7199175
2020-11-05,125.0508755
2020-11-06,131.46585
2020-11-07,122.9962805
2020-11-08,117.3631723
2020-11-09,153.94459790000002
2020-11-10,122.827256
2020-11-11,123.0785657
2020-11-12,133.7108857
2020-11-13,116.05907909999999
2020-11-14,120.2611635
2020-11-15,125.7016357
2020-11-16,138.2693083
2020-11-17,138.8804729
2020-11-18,147.8395404
2020-11-19,122.4703036
2020-11-20,149.2835158
2020-11-21,148.2867281
2020-11-22,152.6750606
2020-11-23,129.2304505
2020-11-24,118.2598577
2020-11-25,135.4927591
2020-11-26,132.0513506
2020-11-27,137.7315
2020-11-28,135.45339959999998
2020-11-29,135.4550414
2020-11-30,106.74490370000001
2020-12-01,145.83229419999998
2020-12-02,131.2463606
2020-12-03,148.8459201
2020-12-04,136.2524896
2020-12-05,137.2298194
2020-12-06,129.8798295
2020-12-07,141.9299312
2020-12-08,137.73101580000002
2020-12-09,132.76604790000002
2020-12-10,124.1916169
2020-12-11,132.0510217
2020-12-12,129.5737843
2020-12-13,150.7390537
2020-12-14,134.42106030000002
2020-12-15,130.266223
2020-12-16,133.2880216
2020-12-17,121.5671224
2020-12-18,146.6539788
2020-12-19,148.0035603
2020-12-20,140.9044153
2020-12-21,126.1872063
2020-12-22,132.082061
2020-12-23,146.01456480000002
2020-12-24,117.0323587
2020-12-25,136.008186
2020-12-26,128.67888870000002
2020-12-27,137.4887877
2020-12-28,147.7178164
2020-12-29,140.4781901
2020-12-30,159.03641819999999
2020-12-31,155.5386368
2021-01-01,137.3736672
2021-01-02,139.60477419999998
2021-01-03,148.89696419999999
2021-01-04,159.43373530000002
2021-01-05,145.4804922
2021-01-06,165.94312630000002
2021-01-07,154.59991109999999
2021-01-08,139.558883
2021-01-09,135.74086780000002
2021-01-10,163.02320619999998
2021-01-11,158.8997291
2021-01-12,152.1612938
2021-01-13,156.0753981
2021-01-14,150.6100934
2021-01-15,162.94783980000003
2021-01-16,152.3268979
2021-01-17,137.960899
2021-01-18,148.4258466
2021-01-19,153.2537588
2021-01-20,147.331236
2021-01-21,135.86596980000002
2021-01-22,151.7258446
2021-01-23,162.6991893
2021-01-24,143.28760530000002
2021-01-25,145.2245547
2021-01-26,168.2538495
2021-01-27,146.37366459999998
2021-01-28,154.8197952
2021-01-29,156.87130969999998
2021-01-30,142.4347869
2021-01-31,149.1736525
2021-02-01,128.8567107
2021-02-02,157.9982864
2021-02-03,154.5225117
2021-02-04,167.9606125
2021-02-05,178.5263444
2021-02-06,169.2649484
2021-02-07,166.00321780000002
2021-02-08,175.1721361
2021-02-09,151.8295495
2021-02-10,157.5610381
2021-02-11,138.3029013
2021-02-12,151.42335409999998
2021-02-13,167.52635869999997
2021-02-14,163.7147429
2021-02-15,166.9396479
2021-02-16,129.8693168
2021-02-17,147.4355193
2021-02-18,147.5894901
2021-02-19,164.6435844
2021-02-20,157.0089255
2021-02-21,156.8876527
2021-02-22,149.20211830000002
2021-02-23,137.13719790000002
2021-02-24,172.043961
2021-02-25,168.2099816
2021-02-26,150.8949145
2021-02-27,169.6088703
2021-02-28,142.16737609999998
2021-03-01,142.38887409999998
2021-03-02,155.8586456
2021-03-03,163.3901795
2021-03-04,138.8686864
2021-03-05,161.7042571
2021-03-06,162.4977588
2021-03-07,156.7304133
2021-03-08,164.84535419999997
2021-03-09,150.6090587
2021-03-10,160.7350589
2021-03-11,144.15532059999998
2021-03-12,164.2415201
2021-03-13,153.2162495
2021-03-14,167.6778872
2021-03-15,158.2331009
2021-03-16,160.1252986
2021-03-17,145.2143036
2021-03-18,164.3536053
2021-03-19,158.2252627
2021-03-20,166.84681569999998
2021-03-21,171.2470035
2021-03-22,165.9591488
2021-03-23,174.6141528
2021-03-24,168.42475130000003
2021-03-25,169.0135046
2021-03-26,149.43013159999998
2021-03-27,173.1861919
2021-03-28,174.1067465
2021-03-29,164.3904086
2021-03-30,157.9778788
2021-03-31,171.09780609999999
2021-04-01,157.3557134
2021-04-02,160.855024
2021-04-03,151.6563095
2021-04-04,168.974603
2021-04-05,178.5716491
2021-04-06,165.68024359999998
2021-04-07,180.763159
2021-04-08,158.7529093
2021-04-09,175.4215168
2021-04-10,180.9277136
2021-04-11,167.3089527
2021-04-12,166.7592961
2021-04-13,163.8808314
2021-04-14,156.880683
2021-04-15,199.0648077
2021-04-16,120.46211670000001
2021-04-17,109.9662885
2021-04-18,146.563673
2021-04-19,121.0699475
2021-04-20,150.0956553
2021-04-21,120.0884968
2021-04-22,171.7023644
2021-04-23,157.1710492
2021-04-24,170.3561664
2021-04-25,168.64778919999998
2021-04-26,134.1916755
2021-04-27,168.0594675
2021-04-28,169.892829
2021-04-29,142.102484
2021-04-30,172.8598007
2021-05-01,161.1496649
2021-05-02,193.12062269999998
2021-05-03,181.3775765
2021-05-04,185.38324169999999
2021-05-05,161.4752573
2021-05-06,174.0036504
2021-05-07,176.85901769999998
2021-05-08,175.7220915
2021-05-09,193.2079774
2021-05-10,184.802741
2021-05-11,176.7784592
2021-05-12,175.87260880000002
2021-05-13,188.0391079
2021-05-14,173.0361545
2021-05-15,152.84646769999998
2021-05-16,163.4083617
2021-05-17,154.09334040000002
2021-05-18,125.8753595
2021-05-19,161.61230940000002
2021-05-20,139.455022
2021-05-21,139.134371
2021-05-22,144.88144780000002
2021-05-23,149.8225284
2021-05-24,157.86253390000002
2021-05-25,153.547467
2021-05-26,154.17749780000003
2021-05-27,149.7092575
2021-05-28,149.4978591
2021-05-29,144.2832739
2021-05-30,152.41599259999998
2021-05-31,152.9488317
2021-06-01,148.43029719999998
2021-06-02,175.9965887
2021-06-03,155.9548135
2021-06-04,136.38528530000002
2021-06-05,136.700992
2021-06-06,156.7660741
2021-06-07,139.3780166
2021-06-08,155.4877454
2021-06-09,131.7282683
2021-06-10,123.13115309999999
2021-06-11,109.6720721
2021-06-12,138.6460088
2021-06-13,137.0592664
2021-06-14,135.22044209999999
2021-06-15,129.6134573
2021-06-16,121.2278151
2021-06-17,128.876086
2021-06-18,129.4882543
2021-06-19,102.8659433
2021-06-20,107.0622556
2021-06-21,105.5368558
2021-06-22,95.06664819
2021-06-23,101.1408655
2021-06-24,104.32376
2021-06-25,112.6075775
2021-06-26,87.59959456
2021-06-27,62.03436276
2021-06-28,87.11058976000001
2021-06-29,88.85540544
2021-06-30,91.49137241
2021-07-01,96.92892286
2021-07-02,89.31264451999999
2021-07-03,98.84408603
2021-07-04,83.13058195999999
2021-07-05,93.74859973000001
2021-07-06,100.9424538
2021-07-07,88.09374140999999
2021-07-08,100.8929462
2021-07-09,93.49173821
2021-07-10,115.4516924
2021-07-11,94.82690526
2021-07-12,89.8006346
2021-07-13,98.82494301999999
2021-07-14,121.45006020000001
2021-07-15,92.00892722
2021-07-16,107.90439529999999
2021-07-17,102.9355765
2021-07-18,97.46443635
2021-07-19,115.28157970000001
2021-07-20,84.93640431
2021-07-21,100.6206773
2021-07-22,105.4005205
2021-07-23,91.22443181999999
2021-07-24,104.09407420000001
2021-07-25,103.96296720000001
2021-07-26,101.44553040000001
2021-07-27,116.91400540000001
2021-07-28,106.5325657
2021-07-29,109.3531797
2021-07-30,114.25179490000001
2021-07-31,113.15407259999999
2021-08-01,112.0302883
2021-08-02,103.8244168
2021-08-03,122.01919720000001
2021-08-04,98.04084748000001
2021-08-05,116.0197584
2021-08-06,115.384733
2021-08-07,120.1531076
2021-08-08,113.3212895
2021-08-09,111.2158888
2021-08-10,120.92093679999999
2021-08-11,105.84417409999999
2021-08-12,108.5367555
2021-08-13,108.7234886
2021-08-14,129.1614377
2021-08-15,141.6423129
2021-08-16,123.9514193
2021-08-17,134.1798097
2021-08-18,104.5890871
2021-08-19,119.6005172
2021-08-20,124.01215570000001
2021-08-21,132.4191677
2021-08-22,126.2769726
2021-08-23,155.5283447
2021-08-24,119.0059816
2021-08-25,130.4125268
2021-08-26,128.28447590000002
2021-08-27,127.42468629999999
2021-08-28,123.6540938
2021-08-29,137.60961519999998
2021-08-30,118.2400603
2021-08-31,130.6855914
2021-09-01,121.00118479999999
2021-09-02,131.12571020000001
2021-09-03,129.2288014
2021-09-04,137.5076429
2021-09-05,143.8863849
2021-09-06,151.67742669999998
2021-09-07,135.4054093
2021-09-08,131.7323725
2021-09-09,127.342009
2021-09-10,129.4790154
2021-09-11,136.38076930000003
2021-09-12,134.8912981
2021-09-13,146.2516024
2021-09-14,153.6294651
2021-09-15,129.7171403
2021-09-16,123.92195029999999
2021-09-17,133.9617688
2021-09-18,143.4488804
2021-09-19,148.32466730000002
2021-09-20,152.422848
2021-09-21,113.2490778
2021-09-22,127.591442
2021-09-23,160.7594588
2021-09-24,139.944397
2021-09-25,136.1904124
2021-09-26,131.8301213
2021-09-27,147.00806219999998
2021-09-28,142.94518480000002
2021-09-29,122.675236
2021-09-30,161.9481626
2021-10-01,132.6363354
2021-10-02,181.12468130000002
2021-10-03,143.71127669999998
2021-10-04,152.0601586
2021-10-05,163.4687059
2021-10-06,130.3952422
2021-10-07,140.64028530000002
2021-10-08,118.481336
2021-10-09,148.56352130000002
2021-10-10,160.03030619999998
2021-10-11,146.0719087
2021-10-12,132.5145133
2021-10-13,167.2853131
2021-10-14,135.1583887
2021-10-15,140.3021125
2021-10-16,135.1250489
2021-10-17,160.715461
2021-10-18,147.215835
2021-10-19,156.0067704
2021-10-20,148.5468186
2021-10-21,148.3215289
2021-10-22,160.8309005
2021-10-23,144.9469642
2021-10-24,156.049913
2021-10-25,185.6811477
2021-10-26,150.3113755
2021-10-27,158.17216
2021-10-28,151.9498093
2021-10-29,173.20391
2021-10-30,155.6229405
2021-10-31,145.27021019999998
2021-11-01,159.9846521
2021-11-02,171.176366
2021-11-03,175.9152397
2021-11-04,155.2915127
2021-11-05,168.32767030000002
2021-11-06,165.3251233
2021-11-07,165.2870787
2021-11-08,144.8349288
2021-11-09,164.6982944
2021-11-10,160.48718119999998
2021-11-11,170.27035419999999
2021-11-12,154.76373769999998
2021-11-13,165.03050869999998
2021-11-14,175.6828737
2021-11-15,171.034432
2021-11-16,172.2293655
2021-11-17,169.79771359999998
2021-11-18,163.48926619999997
2021-11-19,154.6962871
2021-11-20,165.2514161
2021-11-21,150.13297
2021-11-22,162.45872980000001
2021-11-23,149.4260564
2021-11-24,176.4072634
2021-11-25,146.64662230000002
2021-11-26,147.79706190000002
2021-11-27,161.9637972
2021-11-28,155.1209845
2021-11-29,161.7799043
2021-11-30,151.177937
2021-12-01,151.5866238
2021-12-02,172.988169
2021-12-03,189.5486773
2021-12-04,176.80368869999998
2021-12-05,187.88774180000001
2021-12-06,190.7774331
2021-12-07,176.7279346
2021-12-08,189.25310580000001
2021-12-09,183.6237213
2021-12-10,175.3640545
2021-12-11,175.88679109999998
2021-12-12,169.0830668
2021-12-13,171.209359
2021-12-14,182.2491445
2021-12-15,170.5610364
2021-12-16,141.1256094
2021-12-17,181.4197465
2021-12-18,155.5346508
2021-12-19,178.9875012
2021-12-20,180.0895485
2021-12-21,193.62393569999998
2021-12-22,181.0717966
2021-12-23,185.684179
2021-12-24,181.6345442
2021-12-25,179.1416485
2021-12-26,161.727963
2021-12-27,180.95984180000002
2021-12-28,161.67327419999998
2021-12-29,173.9817068
2021-12-30,146.69457419999998
2021-12-31,180.3803481
2022-01-01,209.5072999
2022-01-02,192.29363709999998
2022-01-03,169.3142787
2022-01-04,178.0364409
2022-01-05,182.860462
2022-01-06,176.1124809
2022-01-07,169.6989487
2022-01-08,176.27483519999998
2022-01-09,170.78672619999998
2022-01-10,174.0984833
2022-01-11,191.5876321
2022-01-12,180.70458480000002
2022-01-13,218.3467315
2022-01-14,194.4445713
2022-01-15,200.7112761
2022-01-16,212.0485059
2022-01-17,198.0514954
2022-01-18,164.3826
2022-01-19,211.1178523
2022-01-20,204.8414204
2022-01-21,176.5113421
2022-01-22,177.5561627
2022-01-23,191.4326635
2022-01-24,197.6343401
2022-01-25,205.5576137
2022-01-26,173.7158445
2022-01-27,174.58173
2022-01-28,205.1370416
2022-01-29,198.73359440000002
2022-01-30,195.00955919999998
2022-01-31,190.1658146
2022-02-01,203.67181109999999
2022-02-02,203.02791630000002
2022-02-03,194.72045409999998
2022-02-04,173.2058509
2022-02-05,158.35407880000002
2022-02-06,205.8721631
2022-02-07,180.7952988
2022-02-08,204.61448919999998
2022-02-09,185.415715
2022-02-10,194.5607599
2022-02-11,191.25263959999998
2022-02-12,249.19181419999998
2022-02-13,209.6483804
2022-02-14,209.9060347
2022-02-15,236.2822903
2022-02-16,212.0917991
2022-02-17,217.68293
2022-02-18,188.8848855
2022-02-19,208.2670229
2022-02-19,208.2670229
2022-02-20,202.3522699
2022-02-21,177.461269
2022-02-22,211.12581569999998
2022-02-23,209.01554180000002
2022-02-24,185.82480569999998
2022-02-25,185.59340519999998
2022-02-26,178.86079469999999
2022-02-27,188.55075680000002
2022-02-28,214.8173607
2022-03-01,226.56340219999998
2022-03-02,189.6977263
2022-03-03,207.0828866
2022-03-04,190.2774825
2022-03-05,170.1995872
2022-03-06,178.9279035
2022-03-07,203.6908832
2022-03-08,202.9470174
2022-03-09,188.896459
2022-03-10,199.52925330000002
2022-03-11,189.8232461
2022-03-12,214.7660414
2022-03-13,206.4360634
2022-03-14,209.4540799
2022-03-15,193.1836335
2022-03-16,213.4079425
2022-03-17,216.438038
2022-03-18,195.0694319
2022-03-19,211.47532919999998
2022-03-20,213.60485119999998
2022-03-21,209.6445024
2022-03-22,203.9605332
2022-03-23,197.4258598
2022-03-24,199.97138809999998
2022-03-25,212.8559827
2022-03-26,223.907864
2022-03-27,178.786743
2022-03-28,217.998995
2022-03-29,206.4754286
2022-03-30,187.1740576
2022-03-31,194.8241178
2022-04-01,200.6551711
2022-04-02,194.15894269999998
2022-04-03,199.0316581
2022-04-04,225.6790434
2022-04-05,205.6583632
2022-04-06,216.2887812
2022-04-07,195.1141175
2022-04-08,190.8741902
2022-04-09,220.7505935
2022-04-10,200.1635526
2022-04-11,197.2267441
2022-04-12,218.2618375
2022-04-13,199.131264
2022-04-14,198.51921280000002
2022-04-15,221.6828193
2022-04-16,191.1274928
2022-04-17,232.0532685
2022-04-18,192.5724712
2022-04-19,173.622497
2022-04-20,224.9994828
2022-04-21,237.4276712
2022-04-22,189.16072490000002
2022-04-23,236.3431333
2022-04-24,240.50372280000002
2022-04-25,227.51098119999997
2022-04-26,197.0541891
2022-04-27,243.7141959
2022-04-28,195.6347074
2022-04-29,223.23746269999998
2022-04-30,221.57199540000002
2022-05-01,249.89244319999997
2022-05-02,237.3749634
2022-05-03,222.3393689
2022-05-04,218.6911687
2022-05-05,233.0484475
2022-05-06,209.2596826
2022-05-07,211.0987916
2022-05-08,229.0738475
2022-05-09,228.6963555
2022-05-10,232.2827987
2022-05-11,227.4207418
2022-05-12,208.81680930000002
2022-05-13,235.5299904
2022-05-14,217.89612780000002
2022-05-15,188.9357545
2022-05-16,258.6388546
2022-05-17,230.7884599
2022-05-18,215.09491
2022-05-19,192.5945125
2022-05-20,198.1891897
2022-05-21,211.9918132
2022-05-22,188.1739521
2022-05-23,247.6917732
2022-05-24,190.8072218
2022-05-25,219.3894644
2022-05-26,210.5228246
2022-05-27,205.9609709
2022-05-28,221.4067719
2022-05-29,224.7025484
2022-05-30,227.7879711
2022-05-31,219.305044
2022-06-01,203.4998365
2022-06-02,185.0179085
2022-06-03,211.7277328
2022-06-04,213.6682032
2022-06-05,220.2467239
2022-06-06,222.4698394
2022-06-07,239.52071980000002
2022-06-08,273.02398669999997
2022-06-09,220.79110409999998
2022-06-10,222.62916969999998
2022-06-11,233.4673977
2022-06-12,193.97174959999998
2022-06-13,199.5082182
2022-06-14,221.2781243
2022-06-15,248.8977245
2022-06-16,180.78093619999999
2022-06-17,164.91528309999998
2022-06-18,235.5162627
2022-06-19,200.3884323
2022-06-20,200.6360345
2022-06-21,228.6027432
2022-06-22,197.5958495
2022-06-23,225.6195837
2022-06-24,189.6516692
2022-06-25,221.0694187
2022-06-26,202.8705815
2022-06-27,198.96247680000002
2022-06-28,218.08625609999999
2022-06-29,222.8016945
2022-06-30,253.53751580000002
2022-07-01,199.33897430000002
2022-07-02,205.50632240000002
2022-07-03,228.8206811
2022-07-04,212.0947057
2022-07-05,175.9667963
2022-07-06,186.4947243
2022-07-07,229.0802671
2022-07-08,222.3688768
2022-07-09,193.16976440000002
2022-07-10,225.9631023
2022-07-11,177.8804175
2022-07-12,219.6004446
2022-07-13,160.30544419999998
2022-07-14,179.4471133
2022-07-15,207.65051880000001
2022-07-16,215.35447969999998
2022-07-17,179.2758253
2022-07-18,193.840178
2022-07-19,202.5267535
2022-07-20,186.0657142
2022-07-21,200.1921728
2022-07-22,181.36382559999998
2022-07-23,211.41336819999998
2022-07-24,217.5018826
2022-07-25,199.8969306
2022-07-26,219.3829508
2022-07-27,226.89771180000002
2022-07-28,197.7273888
2022-07-29,201.5297243
2022-07-30,177.9894573
2022-07-31,211.48512440000002
2022-08-01,190.1058577
2022-08-02,218.51728369999998
2022-08-03,199.1878702
2022-08-04,183.44428630000002
2022-08-05,211.7186383
2022-08-06,226.3786261
2022-08-07,226.95883519999998
2022-08-08,202.4276707
2022-08-09,202.254237
2022-08-10,208.5315184
2022-08-11,199.8988624
2022-08-12,216.76602580000002
2022-08-13,194.7369841
2022-08-14,189.1979357
2022-08-15,204.7726835
2022-08-16,208.1386796
2022-08-17,181.1134889
2022-08-18,205.2549365
2022-08-19,249.7989454
2022-08-20,213.1627549
2022-08-21,208.3293505
2022-08-22,204.4584807
2022-08-23,243.4387942
2022-08-24,205.85192830000003
2022-08-25,226.8011005
2022-08-26,249.32565209999999
2022-08-27,205.3323679
2022-08-28,225.9012105
2022-08-29,221.1176816
2022-08-30,229.31520740000002
2022-08-31,224.28315080000002
2022-09-01,212.1072349
2022-09-02,197.7336929
2022-09-03,225.7129637
2022-09-04,261.8788332
2022-09-05,237.9669163
2022-09-06,218.74816130000002
2022-09-07,225.91002419999998
2022-09-08,197.5433173
2022-09-09,233.0461775
2022-09-10,240.8425239
2022-09-11,282.2734949
2022-09-12,242.50122290000002
2022-09-13,229.4246224
2022-09-14,201.9641673
2022-09-15,235.40921519999998
2022-09-16,208.44897690000002
2022-09-17,272.6954917
2022-09-18,245.811888
2022-09-19,207.2579992
2022-09-20,241.6986424
2022-09-21,225.5604615
2022-09-22,205.7863075
2022-09-23,213.97987419999998
2022-09-24,235.969646
2022-09-25,234.49989630000002
2022-09-26,240.58742980000002
2022-09-27,208.8178025
2022-09-28,238.930165
2022-09-29,223.8674457
2022-09-30,263.69981509999997
2022-10-01,289.4953334
2022-10-02,245.7749113
2022-10-03,240.89912919999998
2022-10-04,254.5162794
2022-10-05,273.9573106
2022-10-06,247.8070256
2022-10-07,270.9982945
2022-10-08,274.5413866
2022-10-09,250.65461230000003
2022-10-10,281.0972033
2022-10-11,278.6509077
2022-10-12,242.289766
2022-10-13,252.7552676
2022-10-14,280.9763245
2022-10-15,268.3440033
2022-10-16,257.674942
2022-10-17,265.83067669999997
2022-10-18,253.8169209
2022-10-19,268.9071153
2022-10-20,263.7431146
2022-10-21,277.23378510000003
2022-10-22,240.7662345
2022-10-23,276.15842280000004
2022-10-24,249.5336831
2022-10-25,225.8568427
2022-10-26,284.5368866
2022-10-27,250.71701869999998
2022-10-28,292.11850039999996
2022-10-29,264.7552663
2022-10-30,248.2101714
2022-10-31,316.802898
2022-11-01,266.994175
2022-11-02,225.0232071
2022-11-03,301.6518202
2022-11-04,236.8827278
2022-11-05,276.8391752
2022-11-06,251.56724680000002
2022-11-07,262.6878997
2022-11-08,298.69998189999995
2022-11-09,271.26451180000004
2022-11-10,270.12616130000004
2022-11-11,250.3540145
2022-11-12,307.5008836
2022-11-13,234.8907211
2022-11-14,229.56046669999998
2022-11-15,285.0645503
2022-11-16,273.14811280000004
2022-11-17,253.3884419
2022-11-18,258.9138855
2022-11-19,269.4851241
2022-11-20,275.3567635
2022-11-21,241.7037378
2022-11-22,239.8457919
2022-11-23,259.7704069
2022-11-24,235.88820819999998
2022-11-25,226.4110619
2022-11-26,203.20492330000002
2022-11-27,249.382001
2022-11-28,266.44881780000003
2022-11-29,241.6419877
2022-11-30,257.5829236
2022-12-01,284.56166460000003
2022-12-02,233.6084745
2022-12-03,240.4871402
2022-12-04,260.848805
2022-12-05,268.9881673
2022-12-06,233.6902499
2022-12-07,293.62426739999995
2022-12-08,283.7006612
2022-12-09,264.2774637
2022-12-10,262.6551212
2022-12-11,249.094373
2022-12-12,246.54259580000002
2022-12-13,282.9722626
2022-12-14,257.21858069999996
2022-12-15,237.7983579
2022-12-16,220.3714305
2022-12-17,235.75201769999998
2022-12-18,246.0617493
2022-12-19,233.4704548
2022-12-20,245.2359554
2022-12-21,253.88485169999998
2022-12-22,240.8601776
2022-12-23,231.1673039
2022-12-24,155.28254769999998
2022-12-25,249.0192396
2022-12-26,226.50760590000002
2022-12-27,201.9333124
2022-12-28,298.4353435
2022-12-29,247.79177190000001
2022-12-30,278.82301689999997
2022-12-31,278.6234083
2023-01-01,273.9821255
2023-01-02,278.3598599
2023-01-03,262.3724132
2023-01-04,247.0700612
2023-01-05,265.1715137
2023-01-06,306.9647696
2023-01-07,260.6499726
2023-01-08,261.3668354
2023-01-09,258.5149969
2023-01-10,287.3505658
2023-01-11,250.1889077
2023-01-12,254.9755692
2023-01-13,270.6826903
2023-01-14,291.7015963
2023-01-15,279.60244
2023-01-16,277.1506912
2023-01-17,294.904536
2023-01-18,261.12702790000003
2023-01-19,270.0362013
2023-01-20,246.3819547
2023-01-21,259.1064062
2023-01-22,289.5959984
2023-01-23,297.80081
2023-01-24,247.2165187
2023-01-25,327.00019580000003
2023-01-26,291.7093666
2023-01-27,292.3360869
2023-01-28,320.1200527
2023-01-29,312.0711854
2023-01-30,274.44982639999995
2023-01-31,228.9251372
2023-02-01,280.6909047
2023-02-02,284.79668580000003
2023-02-03,260.9323319
2023-02-04,268.3629513
2023-02-05,296.23864069999996
2023-02-06,299.5240167
2023-02-07,280.7260369
2023-02-08,278.47677610000005
2023-02-09,317.6082915
2023-02-10,288.0947987
2023-02-11,301.73206960000005
2023-02-12,322.6621864
2023-02-13,304.6229601
2023-02-14,305.6682192
2023-02-15,316.66675360000005
2023-02-16,347.46592069999997
2023-02-17,322.6538653
2023-02-18,326.05007589999997
2023-02-19,315.3387763
2023-02-20,286.1126666
2023-02-21,325.14326619999997
2023-02-22,275.6584587
2023-02-23,334.14164939999995
2023-02-24,262.4772742
2023-02-25,229.016907
2023-02-26,361.1618218
2023-02-27,300.4004597
2023-02-28,296.0204812
2023-03-01,365.431553
2023-03-02,307.8577294
2023-03-03,358.2332449
2023-03-04,329.2394912
2023-03-05,340.1037541
2023-03-06,284.0074299
2023-03-07,354.43346180000003
2023-03-08,287.1416202
2023-03-09,289.4661309
2023-03-10,290.6216433
2023-03-11,357.9840653
2023-03-12,358.292318
2023-03-13,341.5817332
2023-03-14,320.7018466
2023-03-15,321.6054559
2023-03-16,289.4246961
2023-03-17,321.0157218
2023-03-18,356.7223249
2023-03-19,322.5547377
2023-03-20,332.5835035
2023-03-21,313.37301410000003
2023-03-22,350.4780159
2023-03-23,400.0094851
2023-03-24,377.2138491
2023-03-25,339.0738341
2023-03-26,338.13194569999996
2023-03-27,348.0524193
2023-03-28,320.3714667
2023-03-29,340.77202889999995
2023-03-30,366.3335698
2023-03-31,329.23895830000004
2023-04-01,324.2718805
2023-04-02,350.4489925
2023-04-03,305.26872
2023-04-04,378.40364519999997
2023-04-05,322.9200197
2023-04-06,380.287879
2023-04-07,337.9641975
2023-04-08,351.11080660000005
2023-04-09,350.08540339999996
2023-04-10,295.9826199
2023-04-11,365.5980482
2023-04-12,383.61206219999997
2023-04-13,343.7447529
2023-04-14,332.1137643
2023-04-15,377.3128921
2023-04-16,300.7107616
2023-04-17,380.392746
2023-04-18,399.8562893
2023-04-19,329.334223
2023-04-20,318.14286910000004
2023-04-21,354.80755880000004
2023-04-22,364.61179630000004
2023-04-23,354.51655960000005
2023-04-24,345.6030143
2023-04-25,303.1687053
2023-04-26,316.82980069999996
2023-04-27,320.0079035
2023-04-28,361.4209831
2023-04-29,339.0369247
2023-04-30,358.141859
2023-05-01,441.7953973
2023-05-02,314.73214060000004
2023-05-03,344.66765510000005
2023-05-04,349.8629674
2023-05-05,287.3823172
2023-05-06,359.90995560000005
2023-05-07,338.1040174
2023-05-08,327.0443106
2023-05-09,369.8556564
2023-05-10,410.7069905
2023-05-11,361.034869
2023-05-12,336.6789678
2023-05-13,347.067505
2023-05-14,413.2961078
2023-05-15,355.4613654
2023-05-16,366.2719647
2023-05-17,382.7952708
2023-05-18,353.2980643
2023-05-19,374.1912279
2023-05-20,334.0158655
2023-05-21,372.7525216
2023-05-22,353.2003983
2023-05-23,383.21912610000004
2023-05-24,350.2416878
2023-05-25,375.6563918
2023-05-26,375.92717910000005
2023-05-27,358.66328519999996
2023-05-28,393.0523341
2023-05-29,402.41841489999996
2023-05-30,381.1109634
2023-05-31,356.2082196
2023-06-01,340.9204079
2023-06-02,420.4641995
2023-06-03,334.41038430000003
2023-06-04,387.6251893
2023-06-05,352.59443219999997
2023-06-06,390.3530296
2023-06-07,346.53920619999997
2023-06-08,394.1236761
2023-06-09,432.6518275
2023-06-10,390.9339291
2023-06-11,414.79700260000004
2023-06-12,400.2725054
2023-06-13,382.8731899
2023-06-14,311.76948730000004
2023-06-15,387.6519849
2023-06-16,405.22416269999997
2023-06-17,368.0488498
2023-06-18,391.47685260000003
2023-06-19,371.002703
2023-06-20,356.34545760000003
2023-06-21,314.13681510000004
2023-06-22,368.7291192
2023-06-23,326.5890985
2023-06-24,380.55230689999996
2023-06-25,401.16207510000004
2023-06-26,377.40255
2023-06-27,365.4366209
2023-06-28,278.9783508
2023-06-29,368.44753280000003
2023-06-30,399.7054885
2023-07-01,338.09202769999996
2023-07-02,432.5085211
2023-07-03,347.0907269
2023-07-04,376.34340560000004
2023-07-05,397.10954780000003
2023-07-06,351.4692352
2023-07-07,440.270115
2023-07-08,451.908644
2023-07-09,426.2535832
2023-07-10,389.4489795
2023-07-11,345.935618
2023-07-12,381.6331443
2023-07-13,319.24528169999996
2023-07-14,374.5693221
2023-07-15,369.79670930000003
2023-07-16,419.85394610000003
2023-07-17,373.22612760000004
2023-07-18,434.5178301
2023-07-19,402.2331167
2023-07-20,352.2698955
2023-07-21,298.54785710000004
2023-07-22,369.5145776
2023-07-23,395.2325606
2023-07-24,402.7275615
2023-07-25,376.6507322
2023-07-26,387.8578612
2023-07-27,362.7963861
2023-07-28,378.38720539999997
2023-07-29,358.4809321
2023-07-30,439.6301094
2023-07-31,379.9451114
2023-08-01,361.47920980000004
2023-08-02,404.3330415
2023-08-03,393.6784261
2023-08-04,319.8923801
2023-08-05,404.8328645
2023-08-06,444.4469876
2023-08-07,379.0728798
2023-08-08,331.424225
2023-08-09,424.0386242
2023-08-10,334.5208948
2023-08-11,394.8892066
2023-08-12,432.58737260000004
2023-08-13,356.4247626
2023-08-14,443.0778717
2023-08-15,446.96065960000004
2023-08-16,433.3089359
2023-08-17,404.7140493
2023-08-18,364.3766119
2023-08-19,367.81116039999995
2023-08-20,423.86758460000004
2023-08-21,429.3195162
2023-08-22,379.64833930000003
2023-08-23,391.8818435
2023-08-24,388.7679705
2023-08-25,383.6569188
2023-08-26,376.5440534
2023-08-27,338.59119780000003
2023-08-28,326.351768
2023-08-29,450.2801911
2023-08-30,346.9689469
2023-08-31,396.9786012
2023-09-01,416.0919941
2023-09-02,423.722115
2023-09-03,439.0014457
2023-09-04,418.6080909
2023-09-05,342.89157789999996
2023-09-06,372.0548513
2023-09-07,393.5706148
2023-09-08,356.5663308
2023-09-09,411.8767837
2023-09-10,398.2462641
2023-09-11,433.21443839999995
2023-09-12,379.5695213
2023-09-13,396.8545759
2023-09-14,444.8964828
2023-09-15,508.3772801
2023-09-16,420.5711058
2023-09-17,407.32284960000004
2023-09-18,423.75489639999995
2023-09-19,386.05298319999997
2023-09-20,415.9900481
2023-09-21,394.0618958
2023-09-22,368.25665330000004
2023-09-23,447.9952495
2023-09-24,418.06784719999996
2023-09-25,411.1977117
2023-09-26,390.7233872
2023-09-27,457.3404646
2023-09-28,421.4957698
2023-09-29,425.972349
2023-09-30,395.4156302
2023-10-01,406.7541905
2023-10-02,445.2154437
2023-10-03,468.3448533
2023-10-04,372.04989789999996
2023-10-05,400.96743189999995
2023-10-06,456.2921413
2023-10-07,488.5828085
2023-10-08,422.7024828
2023-10-09,453.0568279
2023-10-10,459.8340412
2023-10-11,455.9573045
2023-10-12,477.204748
2023-10-13,395.1564459
2023-10-14,418.3489056
2023-10-15,476.8418142
2023-10-16,417.7797238
2023-10-17,491.03029910000004
2023-10-18,453.2362577
2023-10-19,440.38611060000005
2023-10-20,410.2688574
2023-10-21,460.18772839999997
2023-10-22,461.9688686
2023-10-23,477.6259277
2023-10-24,386.4688011
2023-10-25,436.2898678
2023-10-26,460.92089189999996
2023-10-27,470.75019160000005
2023-10-28,487.0329013
2023-10-29,414.92819160000005
2023-10-30,482.0355295
2023-10-31,482.65633330000003
2023-11-01,473.73591289999996
2023-11-02,453.0822721
2023-11-03,420.1042405
2023-11-04,519.3351129
2023-11-05,514.1320906
2023-11-06,394.2466214
2023-11-07,422.349887
2023-11-08,468.6807614
2023-11-09,441.8156759
2023-11-10,479.42138719999997
2023-11-11,501.28437160000004
2023-11-12,509.4080793
2023-11-13,391.0320394
2023-11-14,445.409408
2023-11-15,485.7261796
2023-11-16,475.01350110000004
2023-11-17,488.99027110000003
2023-11-18,478.495357
2023-11-19,555.5782638
2023-11-20,537.3727865
2023-11-21,495.2438084
2023-11-22,457.1033754
2023-11-23,478.6754621
2023-11-24,540.6474301000001
2023-11-25,515.6997093
2023-11-26,496.6429708
2023-11-27,455.42814910000004
2023-11-28,514.2329106999999
2023-11-29,467.7896516
2023-11-30,450.3065035
2023-12-01,569.6606542000001
2023-12-02,430.75849589999996
2023-12-03,575.5479066
2023-12-04,526.2114139
2023-12-05,476.40529810000004
2023-12-06,464.9359967
2023-12-07,393.8487702
2023-12-08,455.239533
2023-12-09,534.0018055
2023-12-10,468.44955810000005
2023-12-11,532.9134027
2023-12-12,483.6659763
2023-12-13,499.7879398
2023-12-14,505.14126469999997
2023-12-15,549.0148815
2023-12-16,513.6872847
2023-12-17,500.55111769999996
2023-12-18,562.1309236000001
2023-12-19,548.151411
2023-12-20,485.28241560000004
2023-12-21,497.0958587
2023-12-22,561.398778
2023-12-23,564.4695437
2023-12-24,611.293253
2023-12-25,499.90556860000004
2023-12-26,498.7022296
2023-12-27,462.494131
2023-12-28,431.1952933
2023-12-29,552.8825056000001
2023-12-30,527.4168308999999
2023-12-31,563.388692
2024-01-01,570.5705244
2024-01-02,474.19708610000004
2024-01-03,569.7609095
2024-01-04,610.1662831
2024-01-05,495.10580139999996
2024-01-06,516.7629435
2024-01-07,427.59063360000005
2024-01-08,450.0755274
2024-01-09,558.9233782
2024-01-10,495.5026955
2024-01-11,630.9050328
2024-01-12,618.3727468
2024-01-13,581.9423158999999
2024-01-14,467.5337071
2024-01-15,418.5135396
2024-01-16,461.3462785
2024-01-17,443.6342977
2024-01-18,518.96347
2024-01-19,496.8149163
2024-01-20,511.65368589999997
2024-01-21,501.26660139999996
2024-01-22,562.6721915
2024-01-23,536.4065793
2024-01-24,521.4570534
2024-01-25,635.8404399
2024-01-26,536.2585896
2024-01-27,600.9164509
2024-01-28,557.2739954
2024-01-29,578.3438911000001
2024-01-30,502.5194338
2024-01-31,470.6926318
2024-02-01,539.9750001
2024-02-02,685.525459
2024-02-03,582.1473003
2024-02-04,592.5299551
2024-02-05,583.6561054
2024-02-06,640.5386654
2024-02-07,606.0227292999999
2024-02-08,531.7900013
2024-02-09,626.3296554
2024-02-10,570.3490752
2024-02-11,525.8813681
2024-02-12,670.8006034
2024-02-13,507.53866689999995
2024-02-14,523.0862039
2024-02-15,606.0193971
2024-02-16,546.7598488
2024-02-17,608.6717022
2024-02-18,490.4279952
2024-02-19,552.2587659
2024-02-20,572.6126918
2024-02-21,568.3021867
2024-02-22,558.2259686
2024-02-23,643.9457459
2024-02-24,553.6716807
2024-02-25,668.2811323999999
2024-02-26,539.006383
2024-02-27,529.8101309
2024-02-28,603.8838538
2024-02-29,541.507295
2024-03-01,606.4358877999999
2024-03-02,512.0576321
2024-03-03,613.5640591
2024-03-04,514.9477543
2024-03-05,659.3547351
2024-03-06,552.4000004
2024-03-07,710.1798165
2024-03-08,607.640621
2024-03-09,650.525151
2024-03-10,562.2048073
2024-03-11,678.0271121000001
2024-03-12,554.9246373
2024-03-13,632.0810187999999
2024-03-14,578.4676269
2024-03-15,527.7312685
2024-03-16,604.9201185
2024-03-17,609.114104
2024-03-18,607.3500031
2024-03-19,657.6982285
2024-03-20,620.3360129
2024-03-21,499.1202199
2024-03-22,569.1855211000001
2024-03-23,670.045308
2024-03-24,714.8888197
2024-03-25,552.3753796
2024-03-26,562.4464402000001
2024-03-27,564.8882766
2024-03-28,631.8868695
2024-03-29,600.124199
2024-03-30,646.2040452
2024-03-31,570.7743265
2024-04-01,621.2803797
2024-04-02,619.7300299
2024-04-03,595.919677
2024-04-04,570.8776808
2024-04-05,633.6010653
2024-04-06,645.6349365
2024-04-07,710.3063972
2024-04-08,650.1653372999999
2024-04-09,605.5281256000001
2024-04-10,623.0200617
2024-04-11,572.8091524
2024-04-12,586.4980361
2024-04-13,709.9042616
2024-04-14,683.2834167000001
2024-04-15,609.533389
2024-04-16,705.6207361
2024-04-17,596.944362
2024-04-18,626.2138171
2024-04-19,651.1460379
2024-04-20,561.3055699
2024-04-21,604.1799502
2024-04-22,649.3033868
2024-04-23,717.5881353999999
2024-04-24,695.2314117000001
2024-04-25,654.5835685
2024-04-26,583.398465
2024-04-27,625.12024
2024-04-28,620.1599041000001
2024-04-29,573.6144373999999
2024-04-29,573.6144373999999
2024-04-30,619.0162269
2024-05-01,575.6573434
2024-05-02,650.2728675
2024-05-03,573.7002534
2024-05-04,636.2414788
2024-05-05,610.1802677000001
2024-05-06,533.206309
2024-05-07,534.1206542
2024-05-08,555.2654926
2024-05-09,625.3397402999999
2024-05-10,600.488132
2024-05-11,664.7605522
2024-05-12,551.3571017
2024-05-13,609.8751003
2024-05-14,577.9186298999999
2024-05-15,581.91889
2024-05-16,592.9422852
2024-05-17,647.0088329
2024-05-18,531.104176
2024-05-19,645.5033708999999
2024-05-20,643.4211004
2024-05-21,569.9334476
2024-05-22,630.2571652
2024-05-23,704.7484125
2024-05-24,687.0397313
2024-05-25,674.454966
2024-05-26,713.3913452
2024-05-27,518.9884909
2024-05-28,580.4725222000001
2024-05-29,576.5279108
2024-05-30,517.8578764
2024-05-31,625.1478052
2024-06-01,592.4382218
2024-06-02,589.1765223
2024-06-03,663.0875823
2024-06-04,564.5764301
2024-06-05,514.2799623999999
2024-06-06,563.0554336
2024-06-07,594.070794
2024-06-08,721.9916675
2024-06-09,646.1177817
2024-06-10,587.7673617
2024-06-11,513.8982657
2024-06-12,606.207185
2024-06-13,600.0728112
2024-06-14,541.4165829
2024-06-15,565.7409789
2024-06-16,679.7298265
2024-06-17,588.644732
2024-06-18,634.115515
2024-06-19,576.5445209
2024-06-20,551.2427332999999
2024-06-21,582.3114446000001
2024-06-22,633.0404527999999
2024-06-23,467.5017775
2024-06-24,629.8224249
2024-06-25,518.0303682
2024-06-26,503.51315589999996
2024-06-27,540.9797827000001
2024-06-28,568.0931581
2024-06-29,659.6890315
2024-06-30,501.07942510000004
2024-07-01,599.899274
2024-07-02,616.9260649
2024-07-03,603.8209946000001
2024-07-04,582.0807456
2024-07-05,479.208111
2024-07-06,666.7587439
2024-07-07,556.5787589
2024-07-08,625.1254256
2024-07-09,609.7734
2024-07-10,545.491617
2024-07-11,562.7131897999999
2024-07-12,594.1437021
2024-07-13,606.9113126
2024-07-14,662.6748882
2024-07-15,602.1750013999999
2024-07-16,586.4342736
2024-07-17,633.0257773999999
2024-07-18,520.7956363
2024-07-19,605.4066968999999
2024-07-20,673.374179
2024-07-21,694.7520702
2024-07-22,731.1129
2024-07-23,687.2674819
2024-07-24,576.909854
2024-07-25,663.4153501000001
2024-07-26,673.782166
2024-07-27,632.2309537000001
2024-07-28,605.4496854
2024-07-29,734.2197822999999
2024-07-30,613.5293378
2024-07-31,618.0155576000001
2024-08-01,633.2827495
2024-08-02,564.8966205
2024-08-03,640.6572806
2024-08-04,644.2973079
2024-08-05,718.1944477000001
2024-08-06,658.2745712000001
2024-08-07,553.951601
2024-08-08,581.2694531000001
2024-08-09,589.3293742999999
2024-08-10,608.4080374
2024-08-11,730.7197017999999
2024-08-12,622.1844027000001
2024-08-13,673.8845706000001
2024-08-14,591.1951057
2024-08-15,692.3801083
2024-08-16,613.0101363
2024-08-17,642.3728917000001
2024-08-18,684.0713012
2024-08-19,581.2947851
2024-08-20,645.8642482
2024-08-21,668.5987187000001
2024-08-22,695.4889558
2024-08-23,708.2114842999999
2024-08-24,679.1294421
2024-08-25,573.6144727000001
2024-08-26,577.9129207999999
2024-08-27,613.5821075
2024-08-28,708.085196
2024-08-29,586.964245
2024-08-30,632.2941227
2024-08-31,662.5793569
2024-09-01,635.4680145
2024-09-02,747.701191
2024-09-03,663.800805
2024-09-04,675.9346731
2024-09-05,689.2394989
2024-09-06,657.3300295
2024-09-07,708.6832946000001
2024-09-08,743.4573449
2024-09-09,650.2392907000001
2024-09-10,611.807156
2024-09-11,498.85643189999996
2024-09-12,708.0395573999999
2024-09-13,573.9720511
2024-09-14,644.5917443999999
2024-09-15,695.8415897000001
2024-09-16,577.0516699
2024-09-17,700.8164094
2024-09-18,640.8382928
2024-09-19,568.3067605
2024-09-20,672.1126702
2024-09-21,619.3518611000001
2024-09-22,630.9046539
2024-09-23,672.90568
2024-09-24,671.1131935
2024-09-25,658.8482434
2024-09-26,579.7678609
2024-09-27,603.6753135
2024-09-28,569.5632741000001
2024-09-29,684.6059478999999
2024-09-30,600.8865367999999
2024-10-01,695.9577325
2024-10-02,693.1926383
2024-10-03,693.1300947999999
2024-10-04,751.3379842
2024-10-05,663.9322774
2024-10-06,664.8630072999999
2024-10-07,683.0225633
2024-10-08,737.1233563
2024-10-09,580.6001764
2024-10-10,716.9390702000001
2024-10-11,645.5793352000001
2024-10-12,652.870713
2024-10-13,639.4379221
2024-10-14,636.1000321
2024-10-15,722.615619
2024-10-16,663.8560689
2024-10-17,724.7820025
2024-10-18,624.8434123999999
2024-10-19,790.5621076
2024-10-20,792.4599948
2024-10-21,783.0810781
2024-10-22,646.3462504
2024-10-23,736.9105215
2024-10-24,700.1741922
2024-10-25,734.1407442999999
2024-10-26,690.5269071
2024-10-27,766.7325321000001
2024-10-28,821.0651146
2024-10-29,758.5692586
2024-10-30,817.3463204
2024-10-31,752.0405642999999
2024-11-01,737.5216042999999
2024-11-02,694.6682105
2024-11-03,630.3424983
2024-11-04,727.52768
2024-11-05,706.8961942999999
2024-11-06,774.032965
2024-11-07,797.0075231000001
2024-11-08,724.2094115
2024-11-09,712.6153786
2024-11-10,749.9797917000001
2024-11-11,692.3981714
2024-11-12,767.14654
2024-11-13,693.6431249
2024-11-14,644.7234356
2024-11-15,758.950758
2024-11-16,796.0271587999999
2024-11-17,760.0237242999999
2024-11-18,789.9886964
2024-11-19,895.4988152000001
2024-11-20,754.0632759
2024-11-21,730.6747002000001
2024-11-22,735.42712
2024-11-23,702.1975808
2024-11-24,692.1937687999999
2024-11-25,863.6078688
2024-11-26,703.4902483999999
2024-11-27,685.2844954
2024-11-28,724.8391907
2024-11-29,613.8461089
2024-11-30,834.3322218
2024-12-01,814.1784605
2024-12-02,675.4003283999999
2024-12-03,809.0599985
2024-12-04,758.2721165
2024-12-05,805.6335194
2024-12-06,708.062979
2024-12-07,745.8605762999999
2024-12-08,752.4393126
2024-12-09,872.8810664
2024-12-10,793.021985
2024-12-11,739.7323771
2024-12-12,765.0146982
2024-12-13,875.3323209
2024-12-14,836.1239517
2024-12-15,715.8398861000001
2024-12-16,791.9180714
2024-12-17,738.4453302000001
2024-12-18,796.5637862000001
2024-12-19,787.8876841
2024-12-20,816.4514074
2024-12-21,795.0083036
2024-12-22,842.275827
2024-12-23,757.1387892
2024-12-24,737.9743547999999
2024-12-25,833.6336072
2024-12-26,719.8645518
2024-12-27,856.8639132999999
2024-12-28,770.1463066
2024-12-29,853.1208974
2024-12-30,886.6986485
2024-12-31,700.4634795
